N,"autor ","link "
1,A Noisy World,https://www.youtube.com/watch?v=lr7rDGgtbuA
2,Olbaid Music,https://www.youtube.com/watch?v=0V-ZGcS058c
3,Viajar con los Sentidos,https://www.youtube.com/watch?v=1Z_R72z-fd0
4,Nature81,https://www.youtube.com/watch?v=mlUSmS6WGi8
5,Kiss The Heavens,https://studio.youtube.com/channel/UCavdi0LihAVWYodO91plkpg/music
6,Snowfall Butterflies,https://studio.youtube.com/channel/UCavdi0LihAVWYodO91plkpg/music
7,Lament Of The Ancients,https://studio.youtube.com/channel/UCavdi0LihAVWYodO91plkpg/music
8,Glimpsing Infinity,https://studio.youtube.com/channel/UCavdi0LihAVWYodO91plkpg/music
9,Ceremonial Library,https://studio.youtube.com/channel/UCavdi0LihAVWYodO91plkpg/music
10,Forest Lullabye,https://studio.youtube.com/channel/UCavdi0LihAVWYodO91plkpg/music
11,Swans In Flight,https://studio.youtube.com/channel/UCavdi0LihAVWYodO91plkpg/music
12,Faultlines,https://studio.youtube.com/channel/UCavdi0LihAVWYodO91plkpg/music
13,Cafe Regrette,https://studio.youtube.com/channel/UCavdi0LihAVWYodO91plkpg/music
14,Sinister Cathedral,https://studio.youtube.com/channel/UCavdi0LihAVWYodO91plkpg/music
15,Pray,https://studio.youtube.com/channel/UCavdi0LihAVWYodO91plkpg/music
16,Glass,https://studio.youtube.com/channel/UCavdi0LihAVWYodO91plkpg/music
17,Illusions,https://studio.youtube.com/channel/UCavdi0LihAVWYodO91plkpg/music
18,Warzone,https://studio.youtube.com/channel/UCavdi0LihAVWYodO91plkpg/music
19,Contrast,https://studio.youtube.com/channel/UCavdi0LihAVWYodO91plkpg/music
20,Never Surrender,https://studio.youtube.com/channel/UCavdi0LihAVWYodO91plkpg/music
21,Skylines,https://studio.youtube.com/channel/UCavdi0LihAVWYodO91plkpg/music
22,Sinister,https://studio.youtube.com/channel/UCavdi0LihAVWYodO91plkpg/music
23,Culture,https://studio.youtube.com/channel/UCavdi0LihAVWYodO91plkpg/music
24,Coast,https://studio.youtube.com/channel/UCavdi0LihAVWYodO91plkpg/music
25,As You Fade Away,https://studio.youtube.com/channel/UCavdi0LihAVWYodO91plkpg/music
26,Play Dead,https://studio.youtube.com/channel/UCavdi0LihAVWYodO91plkpg/music
27,Enough,https://studio.youtube.com/channel/UCavdi0LihAVWYodO91plkpg/music
28,Immortal,https://studio.youtube.com/channel/UCavdi0LihAVWYodO91plkpg/music
29,Winning,https://studio.youtube.com/channel/UCavdi0LihAVWYodO91plkpg/music
30,Get Through,https://studio.youtube.com/channel/UCavdi0LihAVWYodO91plkpg/music
31,Big City,https://freesound.org/people/tosha73/sounds/495302/
32,Big City Noise,https://freesound.org/people/tosha73/sounds/580527/
33,Piccadilly_Circus_Ambience,https://freesound.org/people/habbis92/sounds/240233/
34,Heavy Rain,https://freesound.org/people/lebaston100/sounds/243628/
35,"Rain, Moderate, B.wav",https://freesound.org/people/InspectorJ/sounds/401276/
36,Colombian_Pub_Coffee_Bar_Stereo.wav,https://freesound.org/people/USBMED_Ambiences_Sound_Library/sounds/636040/
37,Metal Bar,https://freesound.org/people/stevenmaertens/sounds/449842/
38,bar chatter,https://freesound.org/people/SoundsExciting/sounds/543913/
39,Interior Bar 3,https://freesound.org/people/emilijoan/sounds/508501/
40,busy-bar-ambience,https://freesound.org/people/deleted_user_7146007/sounds/383265/
41,Good Day (Wake Up),https://studio.youtube.com/channel/UCavdi0LihAVWYodO91plkpg/music
42,No Filter,https://studio.youtube.com/channel/UCavdi0LihAVWYodO91plkpg/music
43,Go!,https://studio.youtube.com/channel/UCavdi0LihAVWYodO91plkpg/music
44,Retribution,https://studio.youtube.com/channel/UCavdi0LihAVWYodO91plkpg/music
45," Piano loops 009 octave down long loop 120 bpm",https://freesound.org/people/josefpres/sounds/645827/
46," libernoa.wav",https://freesound.org/people/tim.kahn/sounds/645800/
47,My love (piano loop),https://freesound.org/people/ShadyDave/sounds/325611/
48,The sonata,https://freesound.org/people/ShadyDave/sounds/326553/
49," School Bus",https://freesound.org/people/GaryQ/sounds/128290/
50,Colombian_Basketball_School_Court_Stereo,https://freesound.org/people/USBMED_Ambiences_Sound_Library/sounds/636754/
51,School recess ambiance 2,https://freesound.org/people/quetzalcontla/sounds/493768/
52,Primary school children playing int,https://freesound.org/people/nickpursehouse/sounds/135776/
53,coffee-shop-ambience_remastered,https://freesound.org/people/C_Rogers/sounds/453074/
54,german coffee shop atmosphere,https://freesound.org/people/soundslikewillem/sounds/264347/
55," Filter Coffee Machine",https://freesound.org/people/SpaceJoe/sounds/537271/
56,Atmosphere_Coffeeshop_Roaster_10.mp3,https://freesound.org/people/JonCon_Library/sounds/458121/
57,Café.mp3,https://freesound.org/people/moson/sounds/207417/
58,Ambience Coffee Shop 4,https://freesound.org/people/JarredGibb/sounds/233283/
59,Ambience Coffee Shop 1,https://freesound.org/people/JarredGibb/sounds/233280/
60,Ambience Coffee Shop 2,https://freesound.org/people/JarredGibb/sounds/233281/
61,Ambience Coffee Shop 5,https://freesound.org/people/JarredGibb/sounds/233285/
62,Continuous-Traffic.wav,https://freesound.org/people/klangfabrik/sounds/570535/
63,traffic.WAV,https://freesound.org/people/inchadney/sounds/173154/
64,Evening traffic at JP Nagar,https://freesound.org/people/bkowshik/sounds/439218/
65,Paris_traffic,https://freesound.org/people/lupalenzuela/sounds/512142/
66,Passing Traffic on country road,https://freesound.org/people/mike_stranks/sounds/341603/
67,road01,https://freesound.org/people/Olby/sounds/77016/
68,traffic sounds002.WAV,https://freesound.org/people/pesticideX/sounds/478572/
69,"Freeway Traffic Moving at the Speed Limit ",https://freesound.org/people/mhtaylor67/sounds/235530/
70," EXT London central traffic",https://freesound.org/people/deleted_user_2104797/sounds/330288/
71,AMBTraf Ambience estate traffic birds voices BY SKY SOUND LIBRARY,https://freesound.org/people/SFX_AFRIK/sounds/582965/
72," Pedestrian Traffic Light - Bacau (Rumania)",https://freesound.org/people/felix.blume/sounds/396414/
73,traffic and footsteps,https://freesound.org/people/Stevious42/sounds/259629/
74,city morning with birds and traffic,https://freesound.org/people/thegreatbelow/sounds/546794/
75,city morning with birds and traffic,https://freesound.org/people/thegreatbelow/sounds/546794/
76,city_traffic_day,https://freesound.org/people/ivolipa/sounds/261344/
77,Witch forest Atmo,https://freesound.org/people/szegvari/sounds/577936/
78,park May 727PM NL 210523_0284,https://freesound.org/people/klankbeeld/sounds/584781/
79,ForestDay_BW.66,https://freesound.org/people/sonidosreales245/sounds/517042/
80,Foret?rivière,https://freesound.org/people/Slanesh/sounds/31767/
81," Windy Forest (without windscreen) 02",https://freesound.org/people/Gutek/sounds/201897/
82,In a little forest,https://freesound.org/people/Kyster/sounds/97178/
83,footsteps in forest,https://freesound.org/people/bartoszmatenko/sounds/515331/
84,dark forest,https://freesound.org/people/BeatArchive/sounds/570662/
85,Berlin Grunewald Forest 3 - bells in distance,https://freesound.org/people/dbspin/sounds/396664/
86,20180313.forest.ambiance,https://freesound.org/people/dobroide/sounds/421955/
87,HeavyFootStompsInForest,https://freesound.org/people/GaryBran/sounds/75263/
88,Foresters - Tractor and sawing trees,https://freesound.org/people/dibko/sounds/622341/
89,forest water,https://freesound.org/people/trouby/sounds/362809/
90,Forest Ambience,https://freesound.org/people/lextrack/sounds/272417/
91,Screaming Piha in the Amazonian Rain Forest,https://freesound.org/people/felix.blume/sounds/407583/
92,The Office,https://freesound.org/people/qubodup/sounds/211945/
93,Office 11 080529,https://freesound.org/people/LG/sounds/54534/
94,Office Ambience,https://freesound.org/people/qubodup/sounds/199896/
95,"Timex Office Clock, Front Perspective",https://freesound.org/people/Sauron974/sounds/273624/
96,Office Room Tone w/ voices in Spanish and air conditioning,https://freesound.org/people/DNM91/sounds/436567/
97,Remodeling: Installing Blinds,https://freesound.org/people/ultradust/sounds/168037/
98,RoomTone EmptyMall indoors 04 160327_00,https://freesound.org/people/klankbeeld/sounds/341512/
99,ambiente escritório ok,https://freesound.org/people/Leossom/sounds/169660/
100,Office/Oficina (Latin America),https://freesound.org/people/joche.fernandez/sounds/460014/
101,recording Sound Drone,https://freesound.org/people/DirtyMaterial/sounds/420567/
102,Tough,https://studio.youtube.com/channel/UCavdi0LihAVWYodO91plkpg/music
103,"Dog Barking, Single",https://freesound.org/people/InspectorJ/sounds/406085/
104,dog eating,https://freesound.org/people/kwahmah_02/sounds/245039/
105,Dog eating and drinking - Tascam DR40,https://freesound.org/people/IlseHimschoot/sounds/493226/
106,Dog Barking.wav,https://freesound.org/people/kwahmah_02/sounds/250774/
107,dog max whine howl bark.wav,https://freesound.org/people/lewisinheaven/sounds/389581/
108,Mostly One Dog Woofing.wav,https://freesound.org/people/be-steele/sounds/369647/
109,shelter for dogs,https://freesound.org/people/matowy/sounds/434684/
110,DOGS BARKING,https://freesound.org/people/milkotz/sounds/577372/
111,dog barking at night,https://freesound.org/people/saphe/sounds/183989/
112,DOG BREATHİNG,https://freesound.org/people/dugrul/sounds/432674/
113,yowl a dog,https://freesound.org/people/winsx87/sounds/152017/
114,Dog Eating Biscuit,https://freesound.org/people/Pogotron/sounds/61025/
115,NIGHT Crickets and Dogs,https://freesound.org/people/reklamacja/sounds/446076/
116,"Train passing by in the Wirikuta Desert (Mexico, SLP)",https://freesound.org/people/felix.blume/sounds/166086/
117,Train_int_moving_swedish train_passenger_talking USENG.wav,https://freesound.org/people/alexkandrell/sounds/277755/
118," Norwegian train.wav",https://freesound.org/people/sterferny/sounds/382319/
119,train entering and leaving station,https://freesound.org/people/Astounded/sounds/481082/
120,Train.m4a,https://freesound.org/people/Danjocross/sounds/546240/
121,Train passing by in Florida,https://freesound.org/people/felix.blume/sounds/613130/
122,Trainstation passenger terminal with hooligans.WAV,https://freesound.org/people/Sandermotions/sounds/222497/
123,"Train, Travelling Between Carriages, A.wav",https://freesound.org/people/InspectorJ/sounds/403093/
124,"Ambience, London Waterloo Train Station.wav",https://freesound.org/people/InspectorJ/sounds/394411/
125,"Empty Underground train, Standing",https://freesound.org/people/Claudius/sounds/267156/
126,Subway1.wav,https://freesound.org/people/Trautwein/sounds/262579/
127,TRAIN_MSSG.WAV,https://freesound.org/people/Manicciola/sounds/173315/
128,Inside Train Wagon,https://freesound.org/people/caquet/sounds/157492/
129,Train Trip Loud 2,https://freesound.org/people/Yoyodaman234/sounds/349148/
130,Ideling IC4 train and passing freight train,https://freesound.org/people/tryl/sounds/417875/
131,SFX platform & train PA + wheels.wav,https://freesound.org/people/chhavi/sounds/566506/
132," Sounds of a train journey #02",https://freesound.org/people/toam/sounds/198596/
133," train_intercity_01.flac",https://freesound.org/people/lorenzosu/sounds/65984/
134,Steel on Steel - Train passing,https://freesound.org/people/kangaroovindaloo/sounds/414750/
135,20080504.fountain.medium.flac,https://freesound.org/people/dobroide/sounds/53376/
136,Park Soundwalk,https://freesound.org/people/k.teraoka/sounds/484086/
137,"City Park (Porto, Portugal) - 1",https://freesound.org/people/mofralus/sounds/137865/
138,CHILDREN_WALLA_PARK_park.wav,https://freesound.org/people/costaipsa/sounds/114020/
139,saturday walk in the park.wav,https://freesound.org/people/Kyster/sounds/82069/
140,Ambience of a playground in the park.WAV,https://freesound.org/people/lionROAR0905/sounds/398904/
141,"09-07-16_1921_parking palacio de cristal, exit.wav",https://freesound.org/people/digitopia/sounds/77007/
142,20080504.fountain.medium.flac,https://freesound.org/people/dobroide/sounds/53376/
143,City Park - All sounds of the park.wav,https://freesound.org/people/dibko/sounds/624123/
144,Fenway Ambience 4.m4a,https://freesound.org/people/Douglas711/sounds/424292/
145,Sefton Park,https://freesound.org/people/LiquidGravitySound/sounds/459121/
146,suburban park ambience,https://freesound.org/people/rifualk/sounds/613474/
147,Park Ambiance,https://freesound.org/people/philipecp/sounds/163395/
148,park Moerputten 005 200318_0129.wav,https://freesound.org/people/klankbeeld/sounds/587830/
149,CityPark Evening Moerputten NL 130510_01.wav,https://freesound.org/people/klankbeeld/sounds/190625/
150,birds in woods.wav,https://freesound.org/people/axiologus/sounds/345979/
151,Park of Ciudad del Este.WAV,https://freesound.org/people/paisagemsonoraunila/sounds/349056/
152," Country side park.mp3",https://freesound.org/people/mrrap4food/sounds/619023/
153,winter spring park NL 05 160226_0859.flac,https://freesound.org/people/klankbeeld/sounds/444504/
154,park with dogs NL 07 160226_0859.wav,https://freesound.org/people/klankbeeld/sounds/459805/
155,Park - kids playing cricket,https://freesound.org/people/AntonyBK/sounds/387029/
156,KIDS IN PARK,https://freesound.org/people/regza1984/sounds/184272/
157,Jarry Park - Path,https://freesound.org/people/mkhayata/sounds/427611/
158,Park,https://freesound.org/people/BeeProductive/sounds/430025/
159,04 Hippie Hill Drumming 2,https://freesound.org/people/SFindigo/sounds/17284/
160,Park spring 9am NL SHORT 06 200425_0164.wav,https://freesound.org/people/klankbeeld/sounds/591663/
161,Park Ambience,https://freesound.org/people/mars_98/sounds/444904/
162,Park (ambient),https://freesound.org/people/Cerezaflotante/sounds/214008/
163,dawsholm park with jess thunderstorm,https://freesound.org/people/noisyninja/sounds/394716/
164,park Moerputten 006 200318_0129.wav,https://freesound.org/people/klankbeeld/sounds/623028/
165,Park Ambience,https://freesound.org/people/150128/sounds/326908/
166,zikaden-latinband-park-tokio,https://freesound.org/people/swuing/sounds/41874/
167,Park ambiance,https://freesound.org/people/FonotecadeCanarias/sounds/210818/
168,Park spring 9am NL SHORT MONO 07 200425_0164,https://freesound.org/people/klankbeeld/sounds/625515/
169,190620_02-Sk8Park(Leitmotif),https://freesound.org/people/4Cairnz/sounds/477928/
170,TEX_night_noisy_park_people_movie,https://freesound.org/people/stereodivo/sounds/101832/
171,"Ambient park noises, birds",https://freesound.org/people/eirelgeux/sounds/463276/
172,city park Tel Aviv,https://freesound.org/people/yonts/sounds/268902/
173,Cicadas Venice Giardini Park,https://freesound.org/people/stujun/sounds/351616/
174,"park cuba walled +birds,kids",https://freesound.org/people/kyles/sounds/51777/
175,rbh thunder storm,https://freesound.org/people/RHumphries/sounds/2523/
176,wind,https://freesound.org/people/ERH/sounds/34338/
177,"Wind, Realistic, A",https://freesound.org/people/InspectorJ/sounds/405561/
178,"Ambience, Seaside Waves, Close, A",https://freesound.org/people/InspectorJ/sounds/400632/
179,oceanwavescrushing,https://freesound.org/people/Luftrum/sounds/48412/
180,evening in the forest,https://freesound.org/people/reinsamba/sounds/18765/
181,heart beat,https://freesound.org/people/greyseraphim/sounds/21409/
182,Police siren,https://freesound.org/people/MultiMax2121/sounds/156869/
183,"Ambience, Night Wildlife, A",https://freesound.org/people/InspectorJ/sounds/352514/
184,Seagull on beach,https://freesound.org/people/squashy555/sounds/353416/
185,horror ambience 10,https://freesound.org/people/klankbeeld/sounds/133100/
186,Walking on pavement,https://freesound.org/people/JohnsonBrandEditing/sounds/244310/
187,Radio Static,https://freesound.org/people/GowlerMusic/sounds/262267/
188,Fire_Forest_Inferno,https://freesound.org/people/Dynamicell/sounds/17548/
189,citystreet3,https://freesound.org/people/sagetyrtle/sounds/36734/
190,Big waves hit land,https://freesound.org/people/straget/sounds/412308/
191," traffic horns city nervous busy",https://freesound.org/people/klankbeeld/sounds/180156/
192,Flock of seagulls,https://freesound.org/people/juskiddink/sounds/98479/
193,In Car Driving.aif,https://freesound.org/people/RutgerMuller/sounds/50910/
194,Wall Clock Ticking,https://freesound.org/people/straget/sounds/405423/
195,telephonering,https://freesound.org/people/transitking/sounds/15826/
196,"Ambience, London Street, A",https://freesound.org/people/InspectorJ/sounds/398159/
197,"Ambience, Creepy Wind",https://freesound.org/people/InspectorJ/sounds/413549/
198,8mmprojector_start-run-stop_18fps,https://freesound.org/people/nemoDaedalus/sounds/60453/
199,carterattack,https://freesound.org/people/guitarguy1985/sounds/57808/
200,Crowd Screaming,https://freesound.org/people/InspectorJ/sounds/421852/
201,Gentle Sea On Flat Beach,https://freesound.org/people/digifishmusic/sounds/43760/
202,meadow ambience,https://freesound.org/people/eric5335/sounds/53380/
203,"Ambience, Children Playing, Distant",https://freesound.org/people/InspectorJ/sounds/398160/
204,nord_analog_howling_wind_storm,https://freesound.org/people/medialint/sounds/11863/
205,no Rain - QUADRO,https://freesound.org/people/BlueDelta/sounds/446753/
206,Sadness cosmo,https://freesound.org/people/Bruno_ph/sounds/109409/
207,Tawny Owls 2,https://freesound.org/people/Benboncan/sounds/64544/
208,melancholic interpretation in G#,https://freesound.org/people/Connum/sounds/12691/
209,running sounds,https://freesound.org/people/zombiechaser3/sounds/134991/
210,Waves of Hawaii,https://freesound.org/people/florianreichelt/sounds/450755/
211,Countdown News Intro,https://freesound.org/people/chimerical/sounds/107330/
212,helicopterPassage_28sec,https://freesound.org/people/lorenzosu/sounds/49481/
213,Large_crowd_medium_distance_stereo,https://freesound.org/people/eguobyte/sounds/360703/
214," Baby Crying",https://freesound.org/people/panikko/sounds/144473/
215," Epic Orchestra - LOOP",https://freesound.org/people/joshuaempyre/sounds/250856/
216,"Ambience, Wind Chimes, A",https://freesound.org/people/InspectorJ/sounds/353501/#
217,My love (piano loop),https://freesound.org/people/ShadyDave/sounds/325611/
218,Mechanical alarm clock is ticking,https://freesound.org/people/ST303/sounds/171043/
219,Electric_school_bell,https://freesound.org/people/John_Sauter/sounds/11171/
220,cinemato,https://freesound.org/people/jlozano/sounds/19556/
221," Nightingale song 3",https://freesound.org/people/reinsamba/sounds/17185/
222,"Horror, Violin Tremolo Cluster, B",https://freesound.org/people/InspectorJ/sounds/370937/
223,Elementary Wave 11,https://freesound.org/people/Erokia/sounds/183881/
224,Stereo Jet Landing Sample 2,https://freesound.org/people/bigpickle51/sounds/262755/
225,Bar Crowd - Logans Pub - Feb 2007,https://freesound.org/people/lonemonk/sounds/31487/
226,"Cracking/Crunching, A",https://freesound.org/people/InspectorJ/sounds/333818/
227,heartmonitor-EKG,https://freesound.org/people/FreqMan/sounds/32329/
228,Ambiance Food Market,https://freesound.org/people/VincePest11/sounds/326016/
229,rarexport-05,https://freesound.org/people/plagasul/sounds/4096/
230,"RFX_Car Engine, Acelerator and Switch Off",https://freesound.org/people/willybilly1984/sounds/345335/
231," WW2AirplaneFlyover",https://freesound.org/people/daveincamas/sounds/43807/
232,Wind_blowing_gusting_through_french_castle_tower,https://freesound.org/people/Astounded/sounds/483479/
233,Mechanical Keyboard Typing,https://freesound.org/people/GeorgeHopkins/sounds/537244/
234,Horror Sounds,https://freesound.org/people/GowlerMusic/sounds/262257/
235,Scary & Suspense,https://freesound.org/people/tyops/sounds/263998/
236,modern day war,https://freesound.org/people/Omar%20Alvarado/sounds/96533/
237,Radio Interference/Static,https://freesound.org/people/harveyjnz/sounds/337700/
238,Ambulance siren,https://freesound.org/people/stereobrother/sounds/445344/
239,SecundoTempore2,https://freesound.org/people/Vann%20Westfold/sounds/34301/
240," Piccadilly_Circus_Ambience",https://freesound.org/people/habbis92/sounds/240233/
241,"Boiling Water, Large, A",https://freesound.org/people/InspectorJ/sounds/412843/
242,"Ambience, Machine Factory, A",https://freesound.org/people/InspectorJ/sounds/385943/
243," Crowd in a bar (LCR)",https://freesound.org/people/Leandros.Ntounis/sounds/163995/
244,"Shower, A",https://freesound.org/people/InspectorJ/sounds/353195/
245,Vent - wind (1),https://freesound.org/people/Glaneur%20de%20sons/sounds/104952/
246,summer night,https://freesound.org/people/eric5335/sounds/52604/
247," Marble Church",https://freesound.org/people/chimerical/sounds/106544/
248," Owl",https://freesound.org/people/inchadney/sounds/25945/
249,Foliage_Rustling_001,https://freesound.org/people/duckduckpony/sounds/204030/
250,"Piano, String Glissando, Low, A",https://freesound.org/people/InspectorJ/sounds/339671/
251,Large crowd applause,https://freesound.org/people/Bansemer/sounds/160493/
252,16mm Film Reel,https://freesound.org/people/bone666138/sounds/198838/
253,iPhone Typing,https://freesound.org/people/halimturk/sounds/392634/
254,33 music boxes,https://freesound.org/people/klankbeeld/sounds/130889/
255," Desert Simple",https://freesound.org/people/Proxima4/sounds/104320/
256," type writer",https://freesound.org/people/Walter_Odington/sounds/18625/
257,sad song,https://freesound.org/people/cheesepuff/sounds/110216/
258,Snowfall final,https://freesound.org/people/ShadyDave/sounds/262259/
259,expressions of the mind (Piano loop),https://freesound.org/people/ShadyDave/sounds/325647/
260,eerie_forest,https://freesound.org/people/gregswinford/sounds/70100/
261,Cat purr,https://freesound.org/people/Trautwein/sounds/260881/
262,ELEMENTS_WATER_02_Phasin-bubbles,https://freesound.org/people/suonho/sounds/17783/#
263,LightningCrash,https://freesound.org/people/NoiseNoir/sounds/238302/
264," Phone Call Tone",https://freesound.org/people/henrique85n/sounds/162019/
265,yucatan jungle,https://freesound.org/people/folkart%20films/sounds/122767/
266,breath,https://freesound.org/people/UncleSigmund/sounds/30709/
267,Atmosphere - Horror 1 (Loop),https://freesound.org/people/julius_galla/sounds/193692/
268,Walking1_gravel,https://freesound.org/people/tec_studio/sounds/98491/
269,Ambient battle noise: swords and shouting,https://freesound.org/people/pfranzen/sounds/192072/
270," ambienta-soundtrack_crystal_airlines_c4-100bpm",https://freesound.org/people/suonho/sounds/56364/
271,Writing with Pencil,https://freesound.org/people/JasonElrod/sounds/85485/
272,mobile phone ringtone,https://freesound.org/people/7by7/sounds/77166/
273,music elevator,https://freesound.org/people/Jay_You/sounds/460432/
274," WavesOnBeach",https://freesound.org/people/acclivity/sounds/14777/
275,Sky Loop,https://freesound.org/people/FoolBoyMedia/sounds/264295/
276,Fireworks display 2,https://freesound.org/people/waxsocks/sounds/254836/
277,TribalDrums,https://freesound.org/people/HerbertBoland/sounds/30167/
278,Footsteps_Walk,https://freesound.org/people/Nox_Sound/sounds/490951/
279,Mr Dog_01,https://freesound.org/people/ScouseMouseJB/sounds/276267/
280,"Applause, huge, thunderous",https://freesound.org/people/peridactyloptrix/sounds/196094/
281,AMBIENT LOOP - Perfectly Clear - Wilderness Hillside - FILTERED,https://freesound.org/people/Arctura/sounds/39829/
282,A Murder of Crows,https://freesound.org/people/Franki-01234/sounds/214869/
283,A Walk with stop,https://freesound.org/people/straget/sounds/414921/
284,FXLM neon lights flicker bathroom,https://freesound.org/people/LudwigMueller/sounds/202612/
285," Fly.",https://freesound.org/people/Benboncan/sounds/81970/
286,"Dog Barking, Single, A",https://freesound.org/people/InspectorJ/sounds/406085/
287,Happy 8bit Pixel Adenture,https://freesound.org/people/edtijo/sounds/240376/
288,noise#01,https://freesound.org/people/huubjeroen/sounds/39733/
289,helicopterMix1,https://freesound.org/people/nofeedbak/sounds/41171/
290,cooking_02,https://freesound.org/people/aesqe/sounds/140453/
291,"Cicada, Close, A",https://freesound.org/people/InspectorJ/sounds/400331/
292," Applause_encore",https://freesound.org/people/Zihris/sounds/324369/
293," BakelitePhoneRing",https://freesound.org/people/HerbertBoland/sounds/29952/
294,Lava loop,https://freesound.org/people/Audionautics/sounds/133901/
295,Dandelion,https://freesound.org/people/TexasMusicForge/sounds/2684/
296,dog,https://freesound.org/people/ljudman/sounds/23387/
297,Drop_Slow_Long_01,https://freesound.org/people/www.bonson.ca/sounds/12654/
298,party,https://freesound.org/people/winsx87/sounds/152026/
299,Military Helicopter,https://freesound.org/people/Benboncan/sounds/74242/
300,Piano Remix,https://freesound.org/people/cheesepuff/sounds/112071/
301,Car Passing By,https://freesound.org/people/audio_stock/sounds/377003/
302,Happy sandbox,https://freesound.org/people/Unlistenable/sounds/416778/
303," photo press Conference",https://freesound.org/people/klankbeeld/sounds/179209/
304,War Noises (Distance Explosions),https://freesound.org/people/gkillhour/sounds/267222/
305,Football-crowd-GOAL,https://freesound.org/people/paulw2k/sounds/196461/
306,"Forest at night, crickets, cicadas and insects",https://freesound.org/people/felix.blume/sounds/328293/
307,talking people 2,https://freesound.org/people/szalonegacie/sounds/232175/
308,"Calm Synthesizer, B",https://freesound.org/people/InspectorJ/sounds/361529/
309," suonho_Hypersuspance",https://freesound.org/people/suonho/sounds/3158/
310,Siren,https://freesound.org/people/fmagrao/sounds/80761/
311,Alarm Bell,https://freesound.org/people/SergeQuadrado/sounds/460262/
312,Video Game 7,https://freesound.org/people/djgriffin/sounds/172561/
313,seagulls,https://freesound.org/people/inchadney/sounds/78389/
314,"Orchestral Strings, Warm, A",https://freesound.org/people/InspectorJ/sounds/402656/
315,rain_near_smooth,https://freesound.org/people/loopbasedmusic/sounds/157487/
316,Phone Dialing,https://freesound.org/people/HarryPeeks/sounds/339950/
317,voice from hell,https://freesound.org/people/amliebsch/sounds/39222/
318,Haunting Music 1,https://freesound.org/people/RutgerMuller/sounds/51243/
319,Scary,https://freesound.org/people/rhapsodize/sounds/135433/
320,Writing with Chalk / Chalkboard,https://freesound.org/people/thavis360/sounds/178433/
321,Pirate Ship at Bay,https://freesound.org/people/CGEffex/sounds/93678/
322,DMP002011 RUMBCITY SIRENS,https://freesound.org/people/martypinso/sounds/22601/
323,New York Street Ambience,https://freesound.org/people/lazymonk/sounds/214319/
324,"Footsteps, Snow, A",https://freesound.org/people/InspectorJ/sounds/397946/
325,Opening Scene,https://freesound.org/people/eliasyian/sounds/140481/
326,human male scream small crowd panic fear,https://freesound.org/people/JohnsonBrandEditing/sounds/173945/
327,Nodens (Field Song),https://freesound.org/people/axtoncrolley/sounds/172707/
328,neon,https://freesound.org/people/randomroutine/sounds/24308/
329,Ocean,https://freesound.org/people/Slanesh/sounds/31762/
330,keyboard-typing-long-looping_Gkz4uBVu,https://freesound.org/people/imagery2/sounds/456906/
331,Crowd Cheer,https://freesound.org/people/deleted_user_2104797/sounds/324892/
332,Jungle Yuwientsa Equador 10.8,https://freesound.org/people/TheTunk/sounds/182102/
333,Rockfall in mine,https://freesound.org/people/Benboncan/sounds/60085/
334,restaurant2,https://freesound.org/people/sagetyrtle/sounds/28204/
335,"Train passing by in the Wirikuta Desert (Mexico, SLP)",https://freesound.org/people/felix.blume/sounds/166086/
336,Drawing sword,https://freesound.org/people/Mediapaja2009/sounds/162560/
337,fireplace,https://freesound.org/people/martats/sounds/138018/
338,stream2.,https://freesound.org/people/mystiscool/sounds/7138/
339,BathFill,https://freesound.org/people/0XMUSEX0/sounds/168651/
340,PianoAbstract_ubik,https://freesound.org/people/yewbic/sounds/27871/
341," Dark Ambient Music 3",https://freesound.org/people/Xanco123/sounds/233311/
342,Church bell,https://freesound.org/people/Audeption/sounds/425172/
343,IMPresora,https://freesound.org/people/melack/sounds/13809/
344,Silent Movie - Sam Fox - Hurry Music,https://freesound.org/people/FreqMan/sounds/31297/
345,underwater_ambience_lake_lbj_08232013_1,https://freesound.org/people/wjoojoo/sounds/197751/
346,birds 1,https://freesound.org/people/Dalibor/sounds/34180/
347,applause 3,https://freesound.org/people/Charel%20Sytze/sounds/35491/
348,just birds,https://freesound.org/people/Littlebrojay/sounds/195437/
349,Car travel Accident,https://freesound.org/people/Omar%20Alvarado/sounds/96345/
350,North Sea Island of Amrum,https://freesound.org/people/inchadney/sounds/437306/
351,wind-noise,https://freesound.org/people/jorge0000/sounds/361053/
352,Bees,https://freesound.org/people/Benboncan/sounds/73370/
353,ALIEN SHIP IDLE,https://freesound.org/people/Ch0cchi/sounds/15347/
354,Warfare drums,https://freesound.org/people/jobro/sounds/87136/
355,Cinematic Deep Rumble,https://freesound.org/people/swiftoid/sounds/184313/
356,Air Raid Siren Alarm,https://freesound.org/people/ScreamStudio/sounds/412171/
357,Rain_Storm,https://freesound.org/people/rambler52/sounds/332116/
358,Cricket Uxmal,https://freesound.org/people/reinsamba/sounds/14853/
359,ship horn,https://freesound.org/people/monotraum/sounds/208714/
360,Follies,https://freesound.org/people/daveincamas/sounds/44074/
361,Crowd Shouting,https://freesound.org/people/DickBlox/sounds/101871/
362,horror kids 02,https://freesound.org/people/klankbeeld/sounds/150017/
363,Helicopter,https://freesound.org/people/deleted_user_3544904/sounds/194250/
364,Earth4,https://freesound.org/people/pushtobreak/sounds/17823/
365,Emergency Siren,https://freesound.org/people/onderwish/sounds/470504/
366,violin minuet_boccherini (edit),https://freesound.org/people/FreqMan/sounds/25481/
367,Vintage Elecro pop loop,https://freesound.org/people/frankum/sounds/384468/
368,winter wind 01c,https://freesound.org/people/klangfabrik/sounds/117513/
369,Sleigh bells 90 bpm loop,https://freesound.org/people/soundstack/sounds/255104/
370,piano_impression1,https://freesound.org/people/thanvannispen/sounds/30274/
371,wind in tree white birch 01,https://freesound.org/people/klankbeeld/sounds/131032/
372,Posh dinner party,https://freesound.org/people/7by7/sounds/72848/
373,"Crowd/Mob/Riot Noise (Voices Only) - 14 people, 2 minutes HENRY VI",https://freesound.org/people/FillMat/sounds/384401/
374,"Moaning of the Dead, A",https://freesound.org/people/InspectorJ/sounds/413150/
375,Reverse Cymbal Crash Sweep,https://freesound.org/people/stair/sounds/134941/
376,cars pass by,https://freesound.org/people/FreqMan/sounds/20049/
377,"Biting, Crunchy, B.wav",https://freesound.org/people/InspectorJ/sounds/332407/
378,underwater ambience,https://freesound.org/people/akemov/sounds/255597/
379,alarm 003,https://freesound.org/people/cydon/sounds/127708/
380,Heavy Rain Sound - Inu Etc,https://freesound.org/people/inuetc/sounds/507902/
381,sleighbells,https://freesound.org/people/Connum/sounds/23876/
382," BigChain",https://freesound.org/people/daveincamas/sounds/44076/
383,Sad_Drama_Romantic_Stinger,https://freesound.org/people/SoundFlakes/sounds/413732/
384,"A flag flapping in the wind, at the small village of Assem Souk, in the High Atlas (Morocco).",https://freesound.org/people/felix.blume/sounds/154794/
385,Music Box,https://freesound.org/people/jmggs@hotmail.com/sounds/195355/
386,Hospital sounds 5,https://freesound.org/people/ERH/sounds/69192/
387,"Footsteps, Muddy, E",https://freesound.org/people/InspectorJ/sounds/339325/
388,Playful Music,https://freesound.org/people/dominictreis/sounds/381531/
389,Police cars pass by with sirens blaring,https://freesound.org/people/Timbre/sounds/71177/
390,Childrens' classroom,https://freesound.org/people/abcopen/sounds/166207/
391,Beautiful violin music,https://freesound.org/people/tranquility.jadgroup/sounds/372005/
392,Horror Soundscape - 02,https://freesound.org/people/Headphaze/sounds/177101/
393,The sonata (Piano loop),https://freesound.org/people/ShadyDave/sounds/326553/
394,Storm200408,https://freesound.org/people/csengeri/sounds/27247/
395,The sad piano,https://freesound.org/people/Dasgoat/sounds/330599/
396,taratata,https://freesound.org/people/milton./sounds/162453/
397,Veteran car,https://freesound.org/people/juskiddink/sounds/77096/
398,Crowd in panic,https://freesound.org/people/IENBA/sounds/491405/
399,campfire_01,https://freesound.org/people/matucha/sounds/170247/
400,barrel organ of carousel 110507_25,https://freesound.org/people/klankbeeld/sounds/120368/
401,Grass Steps,https://freesound.org/people/sunboy/sounds/164864/
402,rushing river in the woods,https://freesound.org/people/CastleofSamples/sounds/145394/
403,New York Jazz Loop,https://freesound.org/people/FoolBoyMedia/sounds/347848/
404,Breaking_Ice_01,https://freesound.org/people/dheming/sounds/268023/
405,BombEplosion,https://freesound.org/people/Lord%20Razu/sounds/107792/
406,free piano acs 1,https://freesound.org/people/ERH/sounds/163485/
407,natural night sounds in Boquete,https://freesound.org/people/laurent/sounds/15851/
408,down town street ambience 01,https://freesound.org/people/klankbeeld/sounds/127590/
409,"High Street of Gandia (Valencia, Spain)",https://freesound.org/people/Jormarp/sounds/207208/
410,"Sewer Soundscape, A",https://freesound.org/people/InspectorJ/sounds/342566/
411,CountrySideSummerEvening,https://freesound.org/people/pcaeldries/sounds/23131/
412,Industrial/Factory Fans,https://freesound.org/people/IanStarGem/sounds/269594/
413,Bedroom Door Knocks,https://freesound.org/people/fogma/sounds/26187/
414,Crows,https://freesound.org/people/blimp66/sounds/353432/
415,MAN BREATHING,https://freesound.org/people/STUDIO%20BADA/sounds/261162/
416,Iphone Vibrating,https://freesound.org/people/tack00/sounds/401592/
417,war noise REV,https://freesound.org/people/Leady/sounds/26721/
418,Cartoony Clangs (hit with spade)_2,https://freesound.org/people/Timbre/sounds/91697/
419,Construction Soundscape,https://freesound.org/people/Ajexk/sounds/246171/
420,ALL IN PAIN (2),https://freesound.org/people/Leady/sounds/26724/
421,"Ambience, Peaceful Synth",https://freesound.org/people/InspectorJ/sounds/353032/
422,Swing,https://freesound.org/people/karlis.stigis/sounds/168640/
423,haunted_canyon_flute,https://freesound.org/people/kerri/sounds/35730/
424,children playing,https://freesound.org/people/goldkelchen/sounds/371377/
425,passingcars,https://freesound.org/people/tim.kahn/sounds/34624/
426," Crowd Noise",https://freesound.org/people/toonothing/sounds/180929/
427,silde-up glissando crescendo bang,https://freesound.org/people/Timbre/sounds/110102/
428,drumroll_for_ceremony_long,https://freesound.org/people/Heigh-hoo/sounds/52760/
429,50 Timbales Hits,https://freesound.org/people/hello_flowers/sounds/41196/
430,creepy music box,https://freesound.org/people/Modification1089/sounds/274379/
431,Ambient Acoustic,https://freesound.org/people/StrangerEight/sounds/148695/
432,Fire,https://freesound.org/people/SGAK/sounds/87564/
433,Helicopter Landing,https://freesound.org/people/Mings/sounds/150976/
434,sheep in field,https://freesound.org/people/soundmary/sounds/196671/
435,radio band,https://freesound.org/people/Paper%20Jam/sounds/78391/
436,bass drone,https://freesound.org/people/oyenstikker/sounds/452/
437,HOSPITAL TROLLEY 1,https://freesound.org/people/hja/sounds/67287/
438,BottleDrinking02,https://freesound.org/people/Abolla/sounds/213193/
439,stones falling in quarry binaural,https://freesound.org/people/oniwe/sounds/32871/
440,Airport boarding announcement,https://freesound.org/people/soundmary/sounds/117588/
441,Remix of 34301__Vann_Westfold__SecundoTempore2_1stBit_remix_brighter,https://freesound.org/people/Timbre/sounds/90354/
442," Bleep Censorship Sound ",https://freesound.org/people/DeantheDinosauce/sounds/231535/
443,Streching effect with balloon,https://freesound.org/people/soundstack/sounds/77082/
444,tremor,https://freesound.org/people/Marec/sounds/19994/
445,The Dramatic Music,https://freesound.org/people/xtrgamr/sounds/331624/
446,High Heels on Marble,https://freesound.org/people/differentieel/sounds/245447/
447,Inside_Car_Raining_Outside,https://freesound.org/people/pulswelle/sounds/219245/
448,telethon cheering2m57s060213,https://freesound.org/people/John%20Sipos/sounds/190597/
449,Party background chatter real 1,https://freesound.org/people/dbspin/sounds/396684/
450,"Little, happy tune",https://freesound.org/people/cabled_mess/sounds/335361/
451,breathing1,https://freesound.org/people/Halleck/sounds/25456/
452,Dinner table ambience,https://freesound.org/people/Mr_Alden/sounds/365676/
453,Sitar long,https://freesound.org/people/Kaiho/sounds/37715/
454,cricket 1,https://freesound.org/people/cs272/sounds/77034/
455,flutedance,https://freesound.org/people/kerri/sounds/15778/
456,eating chips,https://freesound.org/people/FreqMan/sounds/19951/
457,crowd_applause_we_want_more,https://freesound.org/people/thanvannispen/sounds/44748/
458,Fire in the stove,https://freesound.org/people/mcmikai/sounds/532191/
459,shower,https://freesound.org/people/geodylabs/sounds/122810/
460,Squeaking Door,https://freesound.org/people/NachtmahrTV/sounds/556713/
461,Spooky abience with heartbeat,https://freesound.org/people/blacklizard77/sounds/23873/
462,"Rain, Car Interior, A",https://freesound.org/people/InspectorJ/sounds/400402/
463,Horror Ambient Clean,https://freesound.org/people/Co3/sounds/35494/
464,Bell Meditation,https://freesound.org/people/fauxpress/sounds/42095/
465,Epic_Battle_Music_1,https://freesound.org/people/Airwolf89/sounds/346455/
466,locomotive,https://freesound.org/people/laurent/sounds/25068/
467,earthquakes,https://freesound.org/people/hans/sounds/62825/
468,"Elevator, the sixth floor",https://freesound.org/people/mario1298/sounds/155800/
469,Cloth Flaps,https://freesound.org/people/Sauron974/sounds/188733/
470,dramatic 0V15m,https://freesound.org/people/Setuniman/sounds/171967/
471,"Foley, getting in and out of bed, sheets, fabric rustle",https://freesound.org/people/SpliceSound/sounds/150445/
472,Church-bell 8pm village140804_01,https://freesound.org/people/klankbeeld/sounds/343419/
473,students talking,https://freesound.org/people/claudiooliveira2/sounds/155599/
474,babycry2,https://freesound.org/people/n2p5/sounds/28101/
475,Record Scratches,https://freesound.org/people/jswonger/sounds/47924/
476,City street,https://freesound.org/people/urupin/sounds/92032/
477,Phone Call Tone 1,https://freesound.org/people/ximian/sounds/259598/
478,Action Theme,https://freesound.org/people/FoolBoyMedia/sounds/231254/
479,D_G_C,https://freesound.org/people/ValentinSosnitskiy/sounds/234354/
480,Computer_Keyboard,https://freesound.org/people/kwahmah_02/sounds/254813/
481,Wood_Creak_02,https://freesound.org/people/dheming/sounds/177779/
482,archi_soundscape_space3,https://freesound.org/people/ElanHickler/sounds/38969/
483,bicycle ride clean,https://freesound.org/people/klankbeeld/sounds/191427/
484,Folk Guitar Music Track,https://freesound.org/people/Dvideoguy/sounds/246315/
485,Washing Machine 2,https://freesound.org/people/timgormly/sounds/151269/
486,Ambient-01_JungleHills,https://freesound.org/people/larval1977/sounds/38487/
487,Resturant Ambience Tandoori,https://freesound.org/people/digifishmusic/sounds/33392/
488," ghostly voices",https://freesound.org/people/ERH/sounds/36757/
489,Writing with Pen,https://freesound.org/people/JasonElrod/sounds/85484/
490,"01 Whoosh,Metal,Alien",https://freesound.org/people/Framing_Noise/sounds/256911/
491,"Estatica ",Creada
492,"Estatica ",Creada
493,"Estatica ",Creada
494,"Estatica ",Creada
495,Estatica,Creada
496,Estatica,Creada
497,Estatica,Creada
498,Estatica,Creada
499,Estatica,Creada
500,Estatica,Creada
501,Estatica,creado
502,Estatica,creado
503,Estatica,creado
504,Estatica,creado
505,Estatica,creado
506,Estatica,creado
507,Estatica,creado
508,Estatica,creado
509,Estatica,creado
510,Estatica,creado
511,Estatica,creado
512,Estatica,creado
513,Estatica,creado
514,Estatica,creado
515,Estatica,creado
516,Estatica,creado
517,Estatica,creado
518,Estatica,creado
519,Estatica,creado
520,Estatica,creado
521,Estatica,creado
522,Estatica,creado
523,Estatica,creado
524,Estatica,creado
525,Estatica,creado
526,Estatica,creado
527,Estatica,creado
528,Estatica,creado
529,Estatica,creado
530,Estatica,creado
531,Estatica,creado
532,Estatica,creado
533,Estatica,creado
534,Estatica,creado
535,Estatica,creado
536,Estatica,creado
537,Estatica,creado
538,Estatica,creado
539,Estatica,creado
540,Estatica,creado
541,Estatica,creado
542,Estatica,creado
543,Estatica,creado
544,Estatica,creado
545,Estatica,creado
546,Estatica,creado
547,Estatica,creado
548,Estatica,creado
549,Estatica,creado
550,Estatica,creado
551,Estatica,creado
552,Estatica,creado
553,Estatica,creado
554,Estatica,creado
555,Estatica,creado
556,Estatica,creado
557,Estatica,creado
558,Estatica,creado
559,Estatica,creado
560,Estatica,creado
561,Estatica,creado
562,Estatica,creado
563,Estatica,creado
564,Estatica,creado
565,Estatica,creado
566,Estatica,creado
567,Estatica,creado
568,Estatica,creado
569,Estatica,creado
570,Estatica,creado
571,Estatica,creado
572,Estatica,creado
573,Estatica,creado
574,Estatica,creado
575,Estatica,creado
576,Estatica,creado
577,Estatica,creado
578,Estatica,creado
579,Estatica,creado
580,Estatica,creado
581,Estatica,creado
582,Estatica,creado
583,Estatica,creado
584,Estatica,creado
585,Estatica,creado
586,Estatica,creado
587,Estatica,creado
588,Estatica,creado
589,Estatica,creado
590,Estatica,creado
591,Estatica,creado
592,Estatica,creado
593,Estatica,creado
594,Estatica,creado
595,Estatica,creado
596,Estatica,creado
597,Estatica,creado
598,Estatica,creado
599,Estatica,creado
600,Estativa,creado
601,,
602,,
603,,
604,,
605,,
606,,
607,,
608,,
609,,
610,,
611,,
612,,
613,,
614,,
615,,
616,,
617,,
618,,
619,,
620,,
621,,
622,,
623,,
624,,
625,,
626,,
627,,
628,,
629,,
630,,
631,,
632,,
633,,
634,,
635,,
636,,
637,,
638,,
639,,
640,,
641,,
642,,
643,,
644,,
645,,
646,,
647,,
648,,
649,,
650,,
651,,
652,,
653,,
654,,
655,,
656,,
657,,
658,,
659,,
660,,
661,,
662,,
663,,
664,,
665,,
666,,
667,,
668,,
669,,
670,,
671,,
672,,
673,,
674,,
675,,
676,,
677,,
678,,
679,,
680,,
681,,
682,,
683,,
684,,
685,,
686,,
687,,
688,,
689,,
690,,
691,,
692,,
693,,
694,,
695,,
696,,
697,,
698,,
699,,
700,,
701,,
702,,
703,,
704,,
705,,
706,,
707,,
708,,
709,,
710,,
711,,
712,,
713,,
714,,
715,,
716,,
717,,
718,,
719,,
720,,
721,,
722,,
723,,
724,,
725,,
726,,
727,,
728,,
729,,
730,,
731,,
732,,
733,,
734,,
735,,
736,,
737,,
738,,
739,,
740,,
741,,
742,,
743,,
744,,
745,,
746,,
747,,
748,,
749,,
750,,
751,,
752,,
753,,
754,,
755,,
756,,
757,,
758,,
759,,
760,,
761,,
762,,
763,,
764,,
765,,
766,,
767,,
768,,
769,,
770,,
771,,
772,,
773,,
774,,
775,,
776,,
777,,
778,,
779,,
780,,
781,,
782,,
783,,
784,,
785,,
786,,
787,,
788,,
789,,
790,,
791,,
792,,
793,,
794,,
795,,
796,,
797,,
798,,
799,,
800,,
801,,
802,,
803,,
804,,
805,,
806,,
807,,
808,,
809,,
810,,
811,,
812,,
813,,
814,,
815,,
816,,
817,,
818,,
819,,
820,,
821,,
822,,
823,,
824,,
825,,
826,,
827,,
828,,
829,,
830,,
831,,
832,,
833,,
834,,
835,,
836,,
837,,
838,,
839,,
840,,
841,,
842,,
843,,
844,,
845,,
846,,
847,,
848,,
849,,
850,,
851,,
852,,
853,,
854,,
855,,
856,,
857,,
858,,
859,,
860,,
861,,
862,,
863,,
864,,
865,,
866,,
867,,
868,,
869,,
870,,
871,,
872,,
873,,
874,,
875,,
876,,
877,,
878,,
879,,
880,,
881,,
882,,
883,,
884,,
885,,
886,,
887,,
888,,
889,,
890,,
891,,
892,,
893,,
894,,
895,,
896,,
897,,
898,,
899,,
900,,
901,,
902,,
903,,
904,,
905,,
906,,
907,,
908,,
909,,
910,,
911,,
912,,
913,,
914,,
915,,
916,,
917,,
918,,
919,,
920,,
921,,
922,,
923,,
924,,
925,,
926,,
927,,
928,,
929,,
930,,
931,,
932,,
933,,
934,,
935,,
936,,
937,,
938,,
939,,
940,,
941,,
942,,
943,,
944,,
945,,
946,,
947,,
948,,
949,,
950,,
951,,
952,,
953,,
954,,
955,,
956,,
957,,
958,,
959,,
960,,
961,,
962,,
963,,
964,,
965,,
966,,
967,,
968,,
969,,
970,,
971,,
972,,
973,,
974,,
975,,
976,,
977,,
978,,
979,,
980,,
981,,
982,,
983,,
984,,
985,,
986,,
987,,
988,,
989,,
990,,
991,,
992,,
993,,
994,,
995,,
996,,
997,,