N,Titulo,link
1,Emprendeduros Clips,https://www.youtube.com/watch?v=dvecqwfU6xw
2,The Wild Project,https://www.youtube.com/watch?v=_NA2qSSy9lo
3,Pol Corominas,https://www.youtube.com/watch?v=Nq_J7QE9wBk
4,Antena 2,https://www.youtube.com/watch?v=40-RknvYPRc
5,The Wild Project,https://www.youtube.com/watch?v=b-G3O5dkP9w
6,Latin Ludens,https://www.youtube.com/watch?v=QFD6wkswbgQ
7,Rafa Laguna,https://www.youtube.com/watch?v=4giPa2IVOuM
8,UNODC - United Nations Office on Drugs and Crime,https://youtu.be/ikZOJnbrSRI
9,Paradigma Digital,https://www.youtube.com/watch?v=6slr9ZXVNZ4
10,Berlin Gonzalez,https://www.youtube.com/watch?v=mph5Z5uzQ4M
11,JuanJo Bande ,https://www.youtube.com/watch?v=fiuHwqjYE0c
12,Growth (En.Digital) - por Product Hackers,https://youtu.be/2lMLNsAe-hE
13,elDiarioes,https://www.youtube.com/watch?v=6IbXGeOLD8s
14,Cine PREMIERE,https://www.youtube.com/watch?v=HINyiUYbixo
15,nanutria,https://www.youtube.com/watch?v=akg7RG76Coo
16,Cine PREMIERE,https://www.youtube.com/watch?v=hCr2DqauSac
17,Platzi,https://www.youtube.com/watch?v=TvW-lsfnvds
18,BCNChile,https://www.youtube.com/watch?v=SjO_wc4z5ro
19,Caracol Podcast,https://www.youtube.com/watch?v=o5rW8pexdNs&list=PLnhqF6BFKCmwYwdEfmWGn4qUxweNc-rBT
20,Tecnolog√≠a Educativa,https://www.youtube.com/watch?v=yJk6Ai6AEC0
21,Ep. 203 - Cosas que debes de saber antes de casarte (feat. Sincerely Mvu & Diego Lombardi),https://www.youtube.com/watch?v=eOETfDPOvSU
22,"Dices que quieres, pero no lo haces ¬øpor qu√©?",https://www.youtube.com/watch?v=dyjXSG-kVkk
23,Filosof√≠a para cuestionar el mundo que nos rodea,https://www.youtube.com/watch?v=u2G5hSsC1UI
24,Versi√≥n Completa. Matem√°ticas para la vida real,https://www.youtube.com/watch?v=V33U1OsFVnQ
25,Jordi Wild colapsado cuando Darma le explica lo incre√≠blemente dif√≠cil que es aprender japon√©s,https://www.youtube.com/watch?v=-5tOreXuE7Y
26,Inteligencia Emocional - Podcast 53,https://www.youtube.com/watch?v=WDqXWA5pBUE
27,"AURONPLAY: ""A m√≠, ¬øqui√©n me hace re√≠r?"" [ENTREVISTA SMDANI]",https://www.youtube.com/watch?v=zaiAv6H7meA
28,50 COSAS NUEVAS SOBRE MI,https://www.youtube.com/watch?v=chDY-IXlIns
29,"T√∫ preguntas, Auron responde. #1",https://www.youtube.com/watch?v=Lz3tRWOd3ro
30,"The Wild Project #110 ft Rubius | La presi√≥n de ser el n.1, Su nueva vida, Mala relaci√≥n con prensa",https://www.youtube.com/watch?v=AaZXTNxwrRU
31,El ex-nazi David Saavedra muestra sus tremendos tatuajes nazis y cuenta por qu√© no los ha borrado,https://www.youtube.com/watch?v=OxJFIHPakq8
32,CREATIVO #167 - FRANCO ESCAMILLA,https://www.youtube.com/watch?v=SIWd0GX6u-E
33,Por qu√© la curiosidad es tu mejor herramienta para aprender | Diana Uribe en Platzi,https://www.youtube.com/watch?v=k1MBCZr5kMg
34,Diana Uribe - Primera Guerra Mundial - Cap. 01 Introducci√≥n,https://www.youtube.com/watch?v=5v1is3_Mk9o
35,El papel de la narrativa en los videojuegos,https://www.youtube.com/watch?v=yysbc4RNKPQ
36,Charla sobre picaresca en juegos de mesa con Calvo Exp√≥sito,https://www.youtube.com/watch?v=zVBETCsjqRs
37,C√≥mo SUBIR tu PODCAST a GOOGLE PODCASTS,https://www.youtube.com/watch?v=-gbVjm2W_tE
38,El Podcast de Arte: Como saber si una obra de arte es buena,https://www.youtube.com/watch?v=OHmRwmIWdXw
39,[NUEVO PODCAST] ‚úÖ ¬øhistoria en comentarios en ivoox y spotify?,https://www.youtube.com/watch?v=vdgkd5Lc9vM
40,Podcast de Cine PREMIERE #199 - Pel√≠culas favoritas,https://www.youtube.com/watch?v=7zejV8LbA_M
41,"Podcast de Cine PREMIERE #325 - Super Pumped, Llamas de venganza",https://www.youtube.com/watch?v=oPdo1FY1T5o
42,Podcast de Cine PREMIERE #274 ‚Äì Corre,https://www.youtube.com/watch?v=6zdxRoaaqhk
43,SALUD MENTAL - Podcast Katastr√≥fico,https://www.youtube.com/watch?v=jfnrASNVA0c
44,Salud mental en tiempos de cuarentena - Podcast Episodio 1,https://www.youtube.com/watch?v=BxuAExzknDk
45,Podcast #17 - Entre Electronicos con Gast√≥n de Proyectos LED,https://www.youtube.com/watch?v=5A6t7VkZaXo
46,Estudio Katastr√≥fico,https://www.youtube.com/watch?v=0Pka9x7Ifa8
47,"5 Cosas que debes SACAR de tu dormitorio R√ÅPIDO‚Äã Atraen pobreza, ESTR√âS, peleas y te chupa energ√≠a",https://youtu.be/3L6z6DotMhs
48,7 H√°bitos Matutinos que est√°n ARRUINANDO tu vidaüíÄHaz esto en su lugar y ver√°s resultadosüèÜ FUNCIONA,https://youtu.be/znli3qCwd68
49,5 MeÃÅtodos De Ahorro Que Funcionan - CoÃÅmo Ahorrar MUCHO Dinero Sin Ganar MaÃÅs,https://youtu.be/edtCbuCARn8
50,Transistores NPN y PNP | Conf: Amplificador y Conmutador,https://youtu.be/BDfzZjRa9gQ
51,Estudiar ingenier√≠a ¬øQu√© tan dif√≠cil es estudiar ingenier√≠a? ¬øNecesito saber matem√°ticas?,https://youtu.be/M8zYUdJFm4A
52,"CIRCUITO AMPLIFICADOR DE SONIDO ESTEREO M√ÅS F√ÅCIL DEL MUNDO (TDA7073, TDA7053)|| BIEN EXPLICADO",https://youtu.be/OnpHRlZGEuQ
53,No hay nada m√°s caro que lo gratis | YOKOI KENJ,https://youtu.be/d7AgE6LcXTA
54,ESTUDIAR INGENIER√çA ELECTR√ìNICA: 50 VERDADES SOBRE ESTUDIAR INGENIER√çA ELECTR√ìNICA,https://youtu.be/uhzWCKjNGEc
55,Esto es LO QUE S√â DE MI MADRE BIOL√ìGICA | Mauricio Ochmann | La entrevista con Yordi Rosado,https://www.youtube.com/watch?v=VBHQvVGbocE&list=RDCMUCpYlZ6IrsXW_OBrt5ugKkmA&index=3
56,Generando FLORES realistas con IA - Pix2Pix | IA NOTEBOOK #5,https://youtu.be/YsrMGcgfETY
57,Daddy Yankee decide contarlo TODO en su ultima entrevista antes de su retiro,https://youtu.be/8qj-hHvGZpU
58,MI VIDA COMO LA REINA DEL PAC√çFICO | Sandra √Åvila # 132,https://youtu.be/Sv-dfc10igM
59,ME INTERCEPTARON en una CARRETERA | Mauricio Ochmann | La entrevista con Yordi Rosado,https://youtu.be/X0Q7Ame3IcA
60,RABIA ‚ÄúMe pusieron cachos‚Äù yokoikenji,https://youtu.be/49GOUs5epPc
61,Marko y Molusco le cantan la realidad a los que quieren ser ‚ÄúInfluencers‚Äù y crear contenido,https://youtu.be/3CSLSVvm8jQ
62,"V. Completa. Todo lo que siempre quisiste preguntar a un psic√≥logo. Roberto Colom, psic√≥logo",https://youtu.be/ROax8vdhuEQ
63,"¬øQu√© produces cuando te hieren? IRA, DESEO DE VENGANZA Padre Angel Espinosa",https://youtu.be/jjUSx0JZchE
64,¬°Visita al LABORATORIO de GRAFENO de IBM!,https://www.youtube.com/watch?v=em6eNugcDYA
65,Estratek | 5 consejos para tener empleados felices y productivos,https://www.youtube.com/watch?v=hu7VTP2_T28
66,¬øCu√°l es tu debilidad? - Episodio 41 | CONSIGUE TU TRABAJO,https://www.youtube.com/watch?v=D6LIcP-Nr5U
67,Testimonio impactante de una madre y su hijo,https://youtu.be/9FuA3knM-fQ
68,"""Honra a tu Padre y a tu Madre"" - Hno. Florencio Garcia",https://www.youtube.com/watch?v=GTUpQWQGu3s
69,"MAR√çA ANTONIETA DE LAS NIEVES, SECRETOS detr√°s de ""LA CHILINDRINA"" | La entrevista con Yordi Rosado",https://youtu.be/ITQ45VsLsLg
70,"Entrevista exclusiva a Nicol√°s Escobar: Mi t√≠o, Pablo , se suicid√≥ .",https://youtu.be/1xnLZYOEZbQ
71,Como organizar una empresa,https://www.youtube.com/watch?v=nbKb35BnAEg
72,Entrevista a un Ingeniero en Sistemas,https://www.youtube.com/watch?v=jhtHpgtYVTE
73,CALENTAMIENTO POR INDUCCI√ìN | PROYECTO INTEGRADOR CIRCUITOS,https://www.youtube.com/watch?v=IA9DhfIP5TY
74,"Shakira a JUICIO, PRISION, deuda MILLONARIA en Espa√±a",https://www.youtube.com/watch?v=TtTPY0SO3ZA
75,"Entrevista con Luis Carlos Sarmiento Angulo, empresario colombiano | Semana Noticias",https://www.youtube.com/watch?v=e2GcOWtHet8
76,Luis Carlos Sarmiento y el d√≠a que el Chirajara se derrumb√≥: esta es la historia | Videos Semana,https://www.youtube.com/watch?v=f3yutPE7Vj8
77,"‚ÄúSi Petro gana en 2022, bienvenidos los colombianos‚Äù: expresidente de Panam√° | Semana Noticias",https://www.youtube.com/watch?v=6jnvN16n6CY
78,Jaime Bayly entrevista al cantante colombiano Silvestre Dangond,https://youtu.be/Y_8-FYyovCE
79,Jaime Bayly entrevista al expresidente de Colombia √Ålvaro Uribe. 2/3,https://youtu.be/bRPsPaEebJs
80,Ella y El El Matrimonio - Dante Gebel,https://www.youtube.com/watch?v=ZnsjPeAJqe4
81,La entrevista de Jos√© - URUGUAY,https://www.youtube.com/watch?v=t2ar6XIcVgs
82,El mensaje de Mujica a los j√≥venes tras dejar la pol√≠tica,https://www.youtube.com/watch?v=jdQIw0rBuH4
83,Las mejores frases de Aznar contra Rufi√°n y Pablo Iglesias,https://www.youtube.com/watch?v=mdGiQDrH2p4
84,"‚ÄúEs un fanfarr√≥n, presumido e ignorante‚Äù: Vicente Fox sobre Donald Trump",https://www.youtube.com/watch?v=bboQ0Qp1XHY
85,La expareja del presidente Pe√±a Nieto - Al Punto,https://www.youtube.com/watch?v=lO2yO9LwKaI
86,Discurso de ni√±a ind√≠gena en la @CEENLMX Natalia L√≥pez L√≥pez | Versi√≥n Completa,https://www.youtube.com/watch?v=iMRrphQDlDw
87,"Bauman, Zygmunt 2007, Los retos de la Educaci√≥n en la Modernidad Liquida",https://www.youtube.com/watch?v=0-jC68LBHik
88,Entrevista al te√≥logo Juan Jos√© Tamayo en ‚ÄòEl Intermedio‚Äô,https://www.youtube.com/watch?v=0Bx6fwHng34
89,Diferencias entre capitalismo y comunismo,https://www.youtube.com/watch?v=eORgV7GM-70
90,"Madrid recurrir√° el plan de ahorro energ√©tico ""si no es constitucional""",https://www.youtube.com/watch?v=66hyYtkG3HA
91,"""CoÃÅmo funciona el capitalismo"" (Documental que revela sus leyes internas, no sus s√≠ntomas)",https://www.youtube.com/watch?v=p0T97UtCkig
92,Estructura del proceso penal (parte 2),https://www.youtube.com/watch?v=stVx2hrxDnQ
93,Escuelas econ√≥micas seg√∫n Ha- Joon Chang,https://www.youtube.com/watch?v=0QW3zrHZ0s4
94,¬øQueÃÅ es el talento?,https://www.youtube.com/watch?v=ZpGmkFbQUF4
95,"Joan Tard√† declara como testigo en el juicio al proc√©s (27/02/2019, COMPLETA)",https://www.youtube.com/watch?v=CNmgqGl2o6c
96,"Ada Colau declara en el juicio al proc√©s (28/02/19, COMPLETO)",https://www.youtube.com/watch?v=gr1Yk9vmHmA
97,El zasca de Jordi S√†nchez al fiscal a cuenta de los watsaps a Marchena,https://www.youtube.com/watch?v=GeuHxOHSv30
98,Entrevista a juan Manuel Santos,https://www.youtube.com/watch?v=8q0Y4VWyQ7g
99,"Juan Manuel Santos: ""Este Gobierno ha sido hostil""",https://www.youtube.com/watch?v=4AHJJL6hWTI
100,Entrevista con el saliente presidente Iv√°n Duque: ¬øc√≥mo deja a Colombia? | Semana Noticias,https://www.youtube.com/watch?v=7rFm5695q3o
101,Greeicy y Mike Bahia estuvieron a punto de dejarse poco antes de quedar embarazada,https://www.youtube.com/watch?v=7rk28lobBO0
102,LA MEJOR ENTREVISTA QUE VER√ÅS DE KAROL G (Confesiones Reveladoras),https://www.youtube.com/watch?v=zOaSQmKCl7Q
103,Mario Mendoza en #ElPodcast de Alejandro Mar√≠n [Episodio 20 - Temporada 3],https://www.youtube.com/watch?v=ziX9j6hnZOM
104,Diana Uribe | #ElPodcast con Alejandro Mar√≠n,https://www.youtube.com/watch?v=FO4hEZaolKs
105,Hern√°n Pel√°ez | #ElPodcast con Alejandro Mar√≠n,https://www.youtube.com/watch?v=XJshkQawSQs
106,Fern√°n Mart√≠nez | [Episodio 14],https://www.youtube.com/watch?v=bOH6Flp6doI
107,Mar√≠a Elvira Arango | [Episodio 33],https://www.youtube.com/watch?v=dBcZ2Yxl51w
108,Alexander Torrenegra | [Episodio 22 - Temporada 2],https://www.youtube.com/watch?v=vjdXhzkgHdo
109,Alexander Torrenegra üèÖ | El FUTURO del trabajo üöÄ| MEDMI,https://www.youtube.com/watch?v=dZKWOiHiGnI
110,Falcao Garc√≠a en entrevista exclusiva con Caracol Radio,https://www.youtube.com/watch?v=u4jm3rgmLcY
111,ENTREVISTA a MESSI. Sigue DOLIDO. Habla de su FRICCI√ìN con Laporta. Va por la CHAMPIONS con el PSG,https://www.youtube.com/watch?v=8g_ih-L8xuQ
112,Sylvia Consta√≠n | [Episodio 34],https://www.youtube.com/watch?v=C4047PODxUg
113,Sof√≠a G√≥mez | #ElPodcast con Alejandro Mar√≠n,https://www.youtube.com/watch?v=5z9xNQaa5EA
114,Iv√°n Lalinde revela detalles in√©ditos de su pol√©mica salida de RCN,https://www.youtube.com/watch?v=nSzZsBUDJUU
115,Simona S√°nchez en #ElPodcast de Alejandro Mar√≠n [Episodio 39 - Temporada 3],https://www.youtube.com/watch?v=xxJyf2koEzQ
116,Anuel: Las Leyendas Nunca Mueren ser√° el mejor √°lbum de mi carrera,https://www.youtube.com/watch?v=WuoPNAnGd94&list=RDCMUCBfg3Yc_8iIJ0e0MeMKg2Bw&start_radio=1&rv=WuoPNAnGd94&t=26
117,"Cosculluela: Lo que jam√°s dijo de la TIRAERA con √ëengo, Tempo y Residente",https://www.youtube.com/watch?v=vSsDxcj-AHc&list=RDCMUCBfg3Yc_8iIJ0e0MeMKg2Bw&index=2
118,Anuel y Ozuna: La entrevista m√°s reveladora y c√≥mica que ver√°s de ‚ÄúLos Dioses‚Äù,https://www.youtube.com/watch?v=wb9dE1BQiEo&list=RDCMUCBfg3Yc_8iIJ0e0MeMKg2Bw&index=7
119,"‚ÄúSi fueras venezolano tendr√≠as que enfrentarte con la justicia"": la amenaza de Maduro a Jorge Ramos",https://www.youtube.com/watch?v=wYyI_m0-yUM
120,¬øC√≥mo armar la mochila de emergencia?,https://www.youtube.com/watch?v=fBDFj85QXa8
121,Alejandro Toledo: ‚ÄúEst√°n tratando de obstaculizar mi candidatura presidencial‚Äù,https://www.youtube.com/watch?v=w9kNsPyC6Hc
122,CASO TOLEDO: Josef Maiman y sus nuevas revelaciones con el abogado Jos√© Allemant,https://www.youtube.com/watch?v=7c0YMl8yoWU
123,EL SOCIALISMO es INVIABLE - Axel Kaiser,https://www.youtube.com/watch?v=GhUA2hKahiQ
124,"Axel Kaiser desmonta el socialismo de Pedro S√°nchez y el marxismo comunista: ""Es un fraude""",https://www.youtube.com/watch?v=hZVzCJ7IeV0
125,"""Agresi√≥n m√°gica"" La esencia del derecho consuetudinario mapuche",https://www.youtube.com/watch?v=b95rquYjo_I
126,Pepe Auth: La batalla se ve hoy irremontable para el apruebo,https://www.youtube.com/watch?v=W_5uisVSnqQ
127,"""17% de los que dicen haber votado por Boric est√° marcando Rechazo"" #shorts",https://www.youtube.com/watch?v=zWHLU1391I0
128,La joven que satiriza al Gobierno en Tik Tok: ‚ÄúEl populismo es la fuente de todos los problemas‚Äù,https://www.youtube.com/watch?v=wkbgJ8y2nhs
129,El Pase de Eduardo Feinmann y Jorge Lanata: ‚Äú¬øEs prohibido nuestro amor?‚Äù,https://www.youtube.com/watch?v=l0OBxkzQpUA
130,"Eduardo Bolsonaro: ""Argentina est√° en camino a ser Venezuela""",https://www.youtube.com/watch?v=0OKIxvzktOU
131,"""LOS VICIOS NO SON DELITOS‚Äù: Javier Milei en A DOS VOCES",https://www.youtube.com/watch?v=giEcsRDosKM
132,VALLEJOS VS MILEI en A DOS VOCES,https://www.youtube.com/watch?v=xNrqRX-uY4g
133,El Poder de la Tecnolog√≠a. Riesgos y Beneficios. | Jos√© Moreno | TEDxUNebrija,https://www.youtube.com/watch?v=9tjggczw96Q
134,C√≥mo nos manipulan en las redes sociales | Santiago Bilinkis | TEDxRiodelaPlata,https://www.youtube.com/watch?v=8nKCA9h-7BA
135,El poder de una conversaci√≥n: √Ålvaro Gonz√°lez-Alorda at TEDxPuraVida 2013,https://www.youtube.com/watch?v=aQ-IeBfQwGM
136,S√≥lo cambi√© mi actitud y todo cambi√≥ | Juan Bautista Segonds | TEDxSanIsidro,https://www.youtube.com/watch?v=Fm_M5rej3eU
137,Emprender es f√°cil si pasas a la acci√≥n | Luis Ramos | TEDxTecdeMtyPuebla,https://www.youtube.com/watch?v=NjFCVb0f2Vk
138,Salario Emocional | Jaime Leal | TEDxTecdeMtyPuebla,https://www.youtube.com/watch?v=gZBRfVkNs1Q
139,"La meditaci√≥n, el √©xito de ser uno mismo | Antonio Jorge Larruy | TEDxAndorraLaVella",https://www.youtube.com/watch?v=YkqJI7rD3EQ
140,C√≥mo activar la magia de tu cuarto cerebro para ser feliz? | Jaime Jaramillo | TEDxUniversidadPiloto,https://www.youtube.com/watch?v=j5vopNyhGrw
141,"La discapacidad no existe, existe la diversidad | Richard Mateos | TEDxUMSA",https://www.youtube.com/watch?v=MtwK8YBWvvM
142,Mi historia con las Tetas grandes | Angeline Moncayo | TEDxCaliWomen,https://www.youtube.com/watch?v=56RkJbGjUWo
143,¬øQui√©n soy?: ¬øQu√© significa hacernos esta pregunta? | Gabriel Pereyra | TEDxTukuy,https://www.youtube.com/watch?v=9l0lJ_7N_Vc
144,FILOSOF√çA DE S√ìCRATES - EL PROP√ìSITO DE LA VIDA - FILOSOF√çA GRIEGA,https://www.youtube.com/watch?v=g6BzypogtIg
145,Filosof√≠a de KANT - EXPLICADO CON MANZANAS - Cr√≠tica de la raz√≥n Pura,https://www.youtube.com/watch?v=Y250MsHwRTA
146,SPINOZA - EL FIL√ìSOFO MALDITO - RACIONALISMO - FILOSOF√çA MODERNA,https://www.youtube.com/watch?v=sNxMWJca5l8&list=RDCMUCVflB5V9W7qWWZnwelyOZ3g&index=2
147,SANTO TOM√ÅS DE AQUINO - FILOSOF√çA CRISTIANA,https://www.youtube.com/watch?v=RuPPqEPlKOI&list=RDCMUCVflB5V9W7qWWZnwelyOZ3g&index=3
148,"DAVID HUME - EL M√ÅS ESC√âPTICO - FILOSOF√çA - Empirismo, escepticismo y agnosticismo.",https://www.youtube.com/watch?v=ST45Ezh_yoE
149,AIDA CORTES - REVELA LOS SECRETOS M√ÅS INTIMOS DE SU VIDA,https://www.youtube.com/watch?v=jrYOyvlxWfE
150,Exclusiva | Viuda de Pablo Escobar habla sobre el l√≠der del C√°rtel de Medell√≠n,https://www.youtube.com/watch?v=YXaGNNHu65M
151,Exclusiva | Viuda de Pablo Escobar habla sobre el l√≠der del C√°rtel de Medell√≠n | Parte 2,https://www.youtube.com/watch?v=4JA0ev9uj2g
152,"‚ÄúSi El Chapo toca un celular, est√° muerto‚Äù: Popeye",https://www.youtube.com/watch?v=pAV4UWtoSB0
153,Caso Jhonier Leal: as√≠ es la mente de un criminal | Semana Noticias,https://www.youtube.com/watch?v=GSOH0y1qEEQ
154,"Elmer Monta√±a, abogado de las v√≠ctimas, entrega detalles del caso de Mauricio Leal",https://www.youtube.com/watch?v=6MSkzhvn7Do
155,Las principales recomendaciones de la ONU al gobierno de Gustavo Petro,https://www.youtube.com/watch?v=sxy-8FX34GI
156,Arturo Calle plant√≥ su posici√≥n sobre el gobierno de Gustavo Petro: ‚ÄúNo es el momento de huir,https://www.youtube.com/watch?v=gZW5s9sj3Lg
157,As√≠ deja las finanzas el Gobierno de Iv√°n Duque: habla MinHacienda,https://www.youtube.com/watch?v=TT9NUQ_w96I
158,Este ser√≠a el posible gabinete de Gustavo Petro,https://www.youtube.com/watch?v=dNAgTYOimI8
159,"La necropsia del exfutbolista Freddy Rinc√≥n, Medicina Legal explica el informe forense",https://www.youtube.com/watch?v=EIlLwIXKIJI
160,IMPORTANCIA DE LA HISTORIA DE LA MEDICINA EDGARDO RAFAEL MALASPINA GUERRA,https://www.youtube.com/watch?v=m5OmTaHSH-A
161,Roberto Hern√°ndez Sampieri - La importancia de la investigaci√≥n,https://www.youtube.com/watch?v=Q2QjEBWdu4Q
162,Ralph Waldo Emerson - Confianza en uno Mismo (Audiolibro Completo en Espa√±ol) [Voz Real Humana],https://www.youtube.com/watch?v=vg-zdmlDo3k
163,William Walker Atkinson - La Ley de la Atracci√≥n (Audiolibro Completo en Espa√±ol) [Voz Real Humana],https://www.youtube.com/watch?v=AWl-llTZs1M&list=RDCMUCjgHGAoDMD0ERDJctpem1vA&index=3
164,"S√©neca - De la Brevedad de la Vida (Audiolibro Completo en Espa√±ol) ""Voz Real Humana""",https://www.youtube.com/watch?v=KJPcQ7ZEULg&list=RDCMUCjgHGAoDMD0ERDJctpem1vA&index=5
165,"Siddharta Gautama Buda - Los 53 Sutras de Buda (Audiolibro Completo en Espa√±ol) ""Voz Real Humana""",https://www.youtube.com/watch?v=NJ0FkMyv1fw&list=RDCMUCjgHGAoDMD0ERDJctpem1vA&index=11
166,S√©neca - Sobre la Felicidad (Audiolibro Completo en Espa√±ol) [Voz Real Humana],https://www.youtube.com/watch?v=MicWz5mpyKU&list=RDCMUCjgHGAoDMD0ERDJctpem1vA&index=13
167,COMO SE CAMBIA EL CARACTER,https://www.youtube.com/watch?v=F0FsaUjshsQ
168,El Caballero De La Armadura Oxidada - Audiolibro,https://www.youtube.com/watch?v=fiEfuaYgeJU
169,"Los esenios, la comunidad de Qumr√°n y las sectas en el juda√≠smo | Adolfo Roitman",https://www.youtube.com/watch?v=HER677ic7Bc
170,Conferencia ¬øC√≥mo se escribi√≥ la Biblia Hebrea? Dr. Adolfo Roitman,https://www.youtube.com/watch?v=Wmvtzpag72s
171,"El Contrato Social de Rousseau F√ÅCIL (El origen de la desigualdad, voluntad general, ley y gobierno)",https://www.youtube.com/watch?v=OrGSx1z4bog
172,El mundo como voluntad y representaci√≥n de Schopenhauer F√ÅCIL (Explicaci√≥n y conceptos),https://www.youtube.com/watch?v=u-0f5Oj9hQ8
173,"Comer de todo no es bueno para la salud. Julio Basulto, dietista-nutricionista",https://www.youtube.com/watch?v=LSVCFKWxvcA
174,Mejor Audio libro de superaci√≥n personal,https://www.youtube.com/watch?v=GII23mhpMKQ
175,EL LIBRITO AZUL AUDIOLIBRO COMPLETO EN ESPA√ëOL - CONNY MENDEZ - AUDIOLIBROS DE METAF√çSICA,https://www.youtube.com/watch?v=bckGftB5YQI&list=RDLVGII23mhpMKQ&index=10
176,ESTOICISMO - FILOSOF√çA para LA BUENA VIDA - MANUAL DE VIDA y SABIDUR√çA - De Epicteto AUDIOLIBRO,https://www.youtube.com/watch?v=5FQG7Ilws1I&list=RDLVGII23mhpMKQ&index=12
177,Como Atraer Dinero,https://www.youtube.com/watch?v=6dYWCR0IHwI&list=RDLVGII23mhpMKQ&index=13
178,METAF√çSICA PARA LA VIDA DIARIA AUDIOLIBRO COMPLETO EN ESPA√ëOL - SAINT GERMAIN - VOZ HUMANA,https://www.youtube.com/watch?v=FqC1qqtqlPo&list=RDLVGII23mhpMKQ&index=24
179,LA CONFIANZA EN UNO MISMO Ralph Waldo Emerson AUDIOLIBRO (Espa√±ol),https://www.youtube.com/watch?v=91xdeSU0_vg&list=RDLVGII23mhpMKQ&index=7
180,Este Audio Cambiara el Concepto que Tienes de ti Mismo - Por Byron Katie,https://www.youtube.com/watch?v=GC0hGLPVp0M
181,Si lo crees lo creas - Brian Tracy - Cap√≠tulo 1 [AUDIO LIBRO],https://www.youtube.com/watch?v=opbG7Y3K_Jk
182,Leyendo con Norita: Ruido - Daniel Kahneman,https://www.youtube.com/watch?v=pqFLThi7tG8
183,ANDR√âS OPPENHEIMER | El futuro del trabajo y su m√°s reciente libro ‚ÄúS√°lvese quien pueda‚Äù,https://www.youtube.com/watch?v=jFs5fSCXBrc
184,Una conversaci√≥n sobre la evoluci√≥n y la reinvenci√≥n - √Ålex Rovira,https://www.youtube.com/watch?v=HvN1AULq9JY
185,üéôLos 4 Poderes que Transformar√°n tu vida,https://www.youtube.com/watch?v=opwKzCXHsF0
186,LO INCONSCIENTE AUDIOLIBRO COMPLETO EN ESPA√ëOL - SIGMUND FREUD - AUDIOLIBROS DE PSICOLOG√çA,https://www.youtube.com/watch?v=sO4guHRX9FY
187,¬øCU√ÅL ES MI LLAMADO?,https://www.youtube.com/watch?v=Zg0LFgMIVUI
188,Episodio 14 Desde el Garaje,https://www.youtube.com/watch?v=5WZwyhgSqbo
189,El Millonario de al Lado - Un Resumen de Libros para Emprendedores,https://www.youtube.com/watch?v=o_7_Q4UxQP4
190,La Vaca P√∫rpura - Un Resumen de Libros para Emprendedores,https://www.youtube.com/watch?v=BsHv42iSpzg
191,La Venganza,https://www.youtube.com/watch?v=pSrj0-MJjNA
192,¬øPor qu√© Dios nos habla? | Pastor Jaime Ruiz R.,https://www.youtube.com/watch?v=GQt-eNWFawY
193,VOLUNTAD DE HIERRO AUDIOLIBRO COMPLETO EN ESPA√ëOL - ORISON SWETT MARDEN - AUDIOLIBROS DE METAFISICA,https://www.youtube.com/watch?v=EkaZeiaZMJo
194,"Una ""Ni√±a"" Cristiana | Testimonio Impactante | Conversatorio",https://www.youtube.com/watch?v=hotIksU4jeY
195,Harry Potter 2 y La Camara Secreta Audiolibro Completo,https://youtu.be/BtHJ_tIaKP4
196,Psiquiatra habla del efecto del m√≥vil en el cerebro - El mejor v√≠deo que ver√°s al respecto.,https://youtu.be/2bg74kECJLo
197,Harry Potter Audiolibro 3 y El Prisionero de Azkaban Completo,https://youtu.be/oBXpmyMarFg
198,harry potter y el prisionero de azkaban audiolibro con reparto neural. cap√≠tulo 21,https://youtu.be/Qcd62vNGCjA
199,"Harry Potter y la piedra filosofal, Cap√≠tulo 5 (Audiolibro)",https://youtu.be/ReLT_q1Ffpw
200,"Harry Potter, cap√≠tulo 1 - audiolibro espa√±ol B1 (subt√≠tulos)",https://youtu.be/CLrrP__6bkM
201,"Harry Potter y la piedra filosofal, cap√≠tulo 2 (Audiolibro)",https://youtu.be/hHjDIVIpHcc
202,La nueva agenda del directivo el efecto de la tecnolog√≠a y las redes sociales (XX Congreso CEDE),https://www.youtube.com/watch?v=VWkSMHoK-Ns
203,¬øC√≥mo ser√≠a tu vida con una confianza inquebrantable?,https://www.youtube.com/watch?v=8j0nX1Z9wNk
204,EL AUDIOLIBRO MAS COMPLETO DE PSICOLOGIA,https://www.youtube.com/watch?v=unsuUAGDXO8
205,[Clase 1] Psicolog√≠a: Definici√≥n e Historia,https://www.youtube.com/watch?v=ZP79MLqh9xI
206,PsicoLoca: Historia de la Psicolog√≠a,https://www.youtube.com/watch?v=Pc3gCCkyFso
207,¬øCual es el papel del psic√≥logo en la sociedad?,https://www.youtube.com/watch?v=wpw8i08xF78
208,LIBRO DE ELECTRONICA AUTOMOTRIZ AUDIOLIBRO CURSO,https://www.youtube.com/watch?v=vbA9Rb7ljEw
209,EL QUINTO ACUERDO ( Mentoria Sabiduria Tolteca y Los 4 Acuerdos) Resumen de Lecturas Recomendadas,https://www.youtube.com/watch?v=6hXncnnHh4Q
210,LA FILOSOF√çA ESTOICA DE EPICTETO - ESTOICISMO,https://www.youtube.com/watch?v=LDxI9dKGMpg
211,PLAT√ìN - LA REP√öBLICA de PLAT√ìN - FILOSOF√çA GRIEGA,https://www.youtube.com/watch?v=PuAIy6CU7Kk
212,Los mejores libros para aprender electricidad,https://www.youtube.com/watch?v=GYb0dIOv7YM
213,"
üë®‚Äçüéì ¬ø¬ø¬øQu√© FP estudiar??? ‚úÖ ü•á 1000 razones para ESTUDIAR* FP*",https://www.youtube.com/watch?v=_6Czmf9dnAY
214,Pr√°ctico - Matriz de An√°lisis de Actores - VIDEO 2,https://www.youtube.com/watch?v=hHh6ujfI2zc
215,Cleopatra - audiolibro espa√±ol B1 (subt√≠tulos espa√±ol e ingl√©s),https://www.youtube.com/watch?v=Zd4cgtFrrx0
216,MANTENIMIENTO INDUSTRIAL,https://www.youtube.com/watch?v=HRPpsaMlQQY
217,Mantenimiento Predictivo en Inspecciones El√©ctricas,https://www.youtube.com/watch?v=U6tnxKO0VKI
218,CAPITULO 7 - PLAN DE MANTENIMIENTO BASADO EN RCM,https://www.youtube.com/watch?v=qO-JR6UfKZs
219,Estructura del proceso penal (parte 1),https://www.youtube.com/watch?v=TG2sep74BVs
220,Primera Lecci√≥n Virtual Derecho Constitucional General,https://www.youtube.com/watch?v=LLyYeh_E7mo
221,DERECHO CIVIL PRIMERA PARTE - 1/5,https://www.youtube.com/watch?v=yL1sGk2OKLw
222,DERECHO CIVIL SEGUNDA PARTE - 2/5,https://www.youtube.com/watch?v=91spI_1whHM
223,DERECHO CIVIL CUARTA PARTE - 4/5,https://www.youtube.com/watch?v=LIv_wbSsS6w
224,Jorgelina Guillisasti - Petici√≥n de herencia,https://www.youtube.com/watch?v=6ClRplt2MQc
225,Aceptaci√≥n y renuncia a la herencia,https://www.youtube.com/watch?v=S6dEfMtNOcA
226,EL ANTICR√âTICO EN BOLIVIA,https://www.youtube.com/watch?v=i7hVoFYZekI
227,C√≥mo citar bien y evitar el plagio (aplicaci√≥n con normas APA),https://www.youtube.com/watch?v=Q4j-Zv-zbJ8
228,"Las claves de la genialidad: curiosidad, perseverancia y pasi√≥n. Christian G√°lvez",https://www.youtube.com/watch?v=adADgAbglSw
229,Una Vida con Prop√≥sito / Pastor Rick,https://www.youtube.com/watch?v=L0XHz04KTiA
230,CoÃÅmo Dejar De Ser TiÃÅmido Y Callado - 12 Consejos Para Superar La Timidez,https://www.youtube.com/watch?v=Xus2cLnEoUs
231,"9 Cosas que debes SACAR del dormitorio de tu casa, ATRAEN POBREZA Y RUINA",https://www.youtube.com/watch?v=MuBGhAHIaaM&list=RDCMUCPWLGINEJx5jwNxKxJyHtJw&index=2
232,7 Trucos PsicoloÃÅgicos Simples Para CONTROLAR CUALQUIER PERSONA Y SituacioÃÅn,https://www.youtube.com/watch?v=1dWQi7R_J7Q&list=RDCMUCPWLGINEJx5jwNxKxJyHtJw&index=3
233,Lleva Esto En Tu Cartera o Billetera Y El DINERO LLEGARA FAÃÅCILMENTE A Ti,https://www.youtube.com/watch?v=CXyt7N43EhY&list=RDCMUCPWLGINEJx5jwNxKxJyHtJw&index=12
234,7 HaÃÅbitos Para Tener una RelacioÃÅn MaÃÅs Sana y Duradera,https://www.youtube.com/watch?v=-0SvQlS_j6Y&list=RDCMUCPWLGINEJx5jwNxKxJyHtJw&index=4
235,EL ARTE DE TRATAR A LAS MUJERES AUDIOLIBRO COMPLETO EN ESPA√ëOL - ARTHUR SCHOPENHAUER - FILOSOFIA,https://www.youtube.com/watch?v=qdD0YLaVW-8&list=RDCMUCH5kUshoNleZvMdypocgDNw&index=14
236,6 Cosas Que Van A Pasar Cuando El Universo Quiere Que TuÃÅ EsteÃÅs Con Alguien | LA LEY DE ATRACCION,https://www.youtube.com/watch?v=oZArdJQAyX4&list=RDCMUCPWLGINEJx5jwNxKxJyHtJw&index=13
237,"LA MAGIA DEL ORDEN (Enfoque Inspiraci√≥n, H√°bitos y Minimalismo Mental) - Marie Kondo",https://www.youtube.com/watch?v=-vSwuudpSfA&list=RDCMUCPWLGINEJx5jwNxKxJyHtJw&index=17
238,2 H√°bitos Matutinos Que Cambiar√°n Tu Vida,https://www.youtube.com/watch?v=Rxvr_nhkZbQ&list=RDCMUCPWLGINEJx5jwNxKxJyHtJw&index=20
239,Gan√© mi primer concurso con los consejos de Helena Hadsell...,https://www.youtube.com/watch?v=a77LcXNoL5Y
240,EL SECRETO DEL √âXITO AUDIOLIBRO COMPLETO EN ESPA√ëOL - WILLIAM WALKER ATKINSON - VOZ HUMANA,https://www.youtube.com/watch?v=RD7EF-4e8YI&list=RDCMUCH5kUshoNleZvMdypocgDNw&index=27
241,‚ùì Que TIPOS de PODCAST hacer [6 OPCIONES],https://www.youtube.com/watch?v=Y4hWWm42zUk
242,C√ìMO estructurar tu GUION en tres actos - EXPLICADO,https://www.youtube.com/watch?v=njiyDAKWZrI
243,Cap√≠tulo #10: Aprende a ordenar tu vida sin ser Marie Kondo,https://www.youtube.com/watch?v=9ZCmEUb4_XI
244,Como limpiar la mente subconsciente,https://www.youtube.com/watch?v=GOxGwbf-7jc
245,EL MANIFIESTO COMUNISTA AUDIOLIBRO COMPLETO EN ESPA√ëOL - KARL MARX - VOZ HUMANA,https://www.youtube.com/watch?v=J3dgHpyXOsg&list=RDCMUCH5kUshoNleZvMdypocgDNw&index=27
246,"elimina las ataduras, encuentra tu don",https://www.youtube.com/watch?v=9SZF1LHG6xo
247,TE REGALO LO QUE SE TE ANTOJE AUDIOLIBRO COMPLETO EN ESPA√ëOL - CONNY MENDEZ - AUDIOLIBROS METAF√çSICA,https://www.youtube.com/watch?v=2ap6eMck9Is&list=RDCMUCH5kUshoNleZvMdypocgDNw&index=27
248,"Versi√≥n Completa. La fuerza de voluntad, esa gran desconocida. Mago More, conferenciante y humorista",https://www.youtube.com/watch?v=CsGbnenVlvA
249,"Entrevista al Mago More, el mejor paciente",https://www.youtube.com/watch?v=Lf-07c1fivY
250,LA CIENCIA DE ESTAR BIEN AUDIOLIBRO COMPLETO EN ESPA√ëOL - WALLACE D. WATTLES - AUDIOLIBRO METAF√çSICA,https://www.youtube.com/watch?v=ICxzvhcq4lk&list=RDCMUCH5kUshoNleZvMdypocgDNw&index=27
251,EL ARTE DE LA FELICIDAD AUDIOLIBRO COMPLETO EN ESPA√ëOL - EPICURO - AUDIOLIBROS DE FILOSOF√çA,https://www.youtube.com/watch?v=FzqJFWsb9eo&list=RDCMUCH5kUshoNleZvMdypocgDNw&index=27
252,EL SECRETO DEL √âXITO,https://www.youtube.com/watch?v=fhK0j5S1Zwg
253,Mindfulness: C√≥mo Mantener la Calma en la Tempestad: Podcast #7 - Practica la Psicolog√≠a Positiva,https://www.youtube.com/watch?v=ZG9J_wTB-xI
254,EL PODER de las PALABRAS | Mario Alonso Puig,https://www.youtube.com/watch?v=LsONUEOh6NA
255,Mindfulness: SuperVivencia | Israel Ma√±as en el I Congreso de Mindfulness en la Educaci√≥n,https://www.youtube.com/watch?v=rD-JOrmNACM
256,Khalil Gibran - El Vagabundo (Audiolibro Completo en Espa√±ol) [Voz Real Humana],https://www.youtube.com/watch?v=2OHAV_tH0IQ
257,M√≠o Cid. Resoluci√≥n de las hijas del Cid y torneo de justas,https://www.youtube.com/watch?v=7rE_rJiCDZM
258,Esta reforma tributaria no tiene nada que esconder: director de la DIAN,https://www.youtube.com/watch?v=Sr832FXgZp8
259,C√ìMO DARLE DIRECCI√ìN A TU VIDA - Hnos Pancardo - AudioLibros de Superaci√≥n Personal,https://www.youtube.com/watch?v=-VKrVSWnf58
260,"MEJOR AUDIOLIBRO DE MOTIVACION PERSONAL, YO PUEDO DE BEN SWEETLAND",https://www.youtube.com/watch?v=m7j68iB4qw4
261,"MEJOR AUDIO MOTIVACI√ìN, COMO OPTIMIZAR EL TIEMPO PARA SER EXITOSO, CONFERENCIA MIGUEL ANGEL CORNEJO",https://www.youtube.com/watch?v=veqSvqpPkc8
262,"JIM ROHN como TENER DETERMINACI√ìN 2019, Motivaci√≥n personal ejemplos",https://www.youtube.com/watch?v=IY1N4kqF54w
263,"Versi√≥n Completa: Victor K√ºppers, El valor de tu actitud",https://www.youtube.com/watch?v=Z3_f6a-YrY8
264,As√≠ es la propuesta del gobierno Petro para que la tierra rural pague impuestos,https://www.youtube.com/watch?v=_pAZpHR3UI4
265,"Gustavo Petro, ¬øSi usted es presidente, restablece relaciones con Nicolas Maduro? | El Tiempo",https://www.youtube.com/watch?v=xrrrck1yqCA
266,"Federico Gutierrez a Petro: ""¬øDe d√≥nde saldr√° la plata para todas esas promesas?"" | El Tiempo",https://www.youtube.com/watch?v=52b8GHdJztc
267,üí•üôÑüí•CHINA apuesta por Centrales Nucleares vs ESTADOS UNIDOS por Reactores nuclearesü§îDESCUBRE POR QU√â,https://www.youtube.com/watch?v=JGcrkS0QfcY
268,Historia del Avivamiento en Bolivia-Julio cesar Ruibal,https://www.youtube.com/watch?v=PXYM4RHY-dg
269,UNA VIDA CON PROP√ìSITO. DIA 12,https://www.youtube.com/watch?v=fAOkfaGoYgo
270,EL AYUNO. CAPT.31 COMO MANTENER EL AVANCE Y LA LIBERACION.,https://www.youtube.com/watch?v=iNGa5SqR_h8
271,El Suelo y la Vegetaci√≥n,https://www.youtube.com/watch?v=HDGr51utgwE
272,AUDIOLIBRO MENTALIDAD RESILIENTE (Motivaci√≥n y pensamiento positivo),https://www.youtube.com/watch?v=rsei2355FAM
273,MENTALIDAD DE GUERRERO - MOTIVACI√ìN - AUDIOLIBRO EN ESPA√ëOL,https://www.youtube.com/watch?v=2DXC5CMU2fY
274,Estudiar Ingenier√≠a electr√≥nica: Mi experiencia estudiando la carrera de ingeniero electr√≥nico,https://www.youtube.com/watch?v=6kCB-jps280
275,Supera los ‚úÖ TEST DE APTITUD MEC√ÅNICA. Con soluciones razonadas. (Parte 1) 40 preguntas,https://www.youtube.com/watch?v=dnruFq6TTb8
276,29. Preguntas tipo examen de admisi√≥n: Sinonimia y antonimia. R. v .5¬∞,https://www.youtube.com/watch?v=vufB71Tchos
277,clase de analog√≠as - preparaci√≥n concurso docente 2021,https://www.youtube.com/watch?v=nYzS2PQQt-Q
278,"TEST TRANSFORMAR - RAZONAMIENTO VERBAL: SINONIMIA, ANTONIMIA, ANALOGIAS, COMPLETAR ORACIONES, TEXTOS",https://www.youtube.com/watch?v=KGH_ZKjONTM
279,S1- SITUACIONES L√ìGICAS - RM - 5TO100 visualizaciones  4 mar 2021,https://www.youtube.com/watch?v=r_gwQ6YVVsU
280,"La ciencia y la f√≠sica cu√°ntica nos ayudan a entender el universo. Sonia Fern√°ndez-Vidal, f√≠sica",https://www.youtube.com/watch?v=hsLcAQ87TEE
281,CONVERSACIONES DE FUTURO | SONIA FERN√ÅNDEZ-VIDAL CON DAVID ESCAMILLA IMPARATO,https://www.youtube.com/watch?v=L4GMji9vbL4
282,INNOVEM FEST '20 - Xavier Marcet,https://www.youtube.com/watch?v=zdQNHvqOFPY
283,‚ÄúDiÃÅa 0‚Äù  ActiÃÅvate o actiÃÅvate con Xavier Marcet 11.05,https://www.youtube.com/watch?v=O8caMutxk1U
284,Marian Rojas: Reiniciar el cerebro para afrontar el futuro | Ponencia| CIC2021,https://www.youtube.com/watch?v=Em7Rl-4xPlo
285,"""Si algo define al humano es preguntarse y explorar"". Carlos Briones, cient√≠fico y escritor",https://www.youtube.com/watch?v=zBxVxxBkBjQ
286,"Versi√≥n Completa. Tu mirada puede transformar a las personas. √Ålex Rovira, escritor y divulgador",https://www.youtube.com/watch?v=zv2j59sVMUM
287,√Ålex Rovira: Nuevas Tendencias de la Gesti√≥n Empresarial - Entrevista completa COINI,https://www.youtube.com/watch?v=O0LSszN2SVE
288,"""S√°bados para Conectar"": 18/7 Lic. Alex Rovira Celma",https://www.youtube.com/watch?v=gwk9zEN8Ww4
289,JODOROWSKY y √ÅLEX ROVIRA ¬∑ Entrevistas que SANAN ¬∑ Carta Blanca RTVE ¬∑,https://www.youtube.com/watch?v=Xc2DcJOn2e4
290,"Presentaci√≥n ""La vida es un cuento"" Alejandro Jodorowsky",https://www.youtube.com/watch?v=uhRMUSrr1Cw
291,"La fascinante historia de una artista olvidada. Miguel √Ångel Cajigal, historiador del arte",https://www.youtube.com/watch?v=EbvN68yTU38
292,"CHARLAS PARA PADRES: VIOLENCIA INTRAFAMILIAR, c√≥mo abordarlo desde lo legal a emocional",https://www.youtube.com/watch?v=biPaAWcd52E
293,Conferencia Adi√≥s a la depresi√≥n - Dr. Enrique Rojas,https://www.youtube.com/watch?v=7dpi7CD6YhI
294,"""Es el momento de volver a dar vida a nuestras ilusiones"". (Versi√≥n completa)",https://www.youtube.com/watch?v=B56LuWWy2wk
295,¬øPiensas que Somos participio o gerundio? DECIDE - Mario Alonso Puig I Aprende a CAMBIAR ,https://www.youtube.com/watch?v=g5lPGYtLROg
296,Qu√© herramientas b√°sicas necesitamos para arreglar una bicicleta,https://www.youtube.com/watch?v=QelKZwBlScY
297,C√≥mo llevar la bici en el coche. ¬°Sin portabicis!,https://www.youtube.com/watch?v=Nps4Ji1YXBE
298,Tipos de ejes de pedalier para bicicleta 1/2,https://www.youtube.com/watch?v=l4nZCWCUdBk
299,El mejor portabicis de techo para bici completa. Whispbar WB201,https://www.youtube.com/watch?v=fbGDLQPLDCc
300,Reglaje del √°rbol de levas ‚Äì Avances y retardos Parte 1,https://www.youtube.com/watch?v=3FKbu7TtusQ
301,Neum√°tica. Simbolog√≠a de v√°lvulas distribuidoras.,https://www.youtube.com/watch?v=Qd9iygJ9RgM
302,GRAFCET B√ÅSICO,https://www.youtube.com/watch?v=BemisA7B8S4
303,Presentaci√≥n del LOGO! de Siemens.,https://www.youtube.com/watch?v=wEC3_QbxuuQ
304,NEUMATICA GRAFCET,https://www.youtube.com/watch?v=g0_N3rLWrrI
305,Explicaci√≥n del sistema 4x4 (¬°No es un AWD ni tampoco un 4WD!),https://www.youtube.com/watch?v=4BlxZltKTJw
306,¬øC√≥mo funciona un diferencial? ¬øAbierto o bloqueado? - La ingenier√≠a detr√°s,https://www.youtube.com/watch?v=LDTY3Fjh00Q
307,Simona S√°nchez en #ElPodcast de Alejandro Mar√≠n [Episodio 39 - Temporada 3],https://www.youtube.com/watch?v=xxJyf2koEzQ&t=89s
308,NING√öN MEC√ÅNICO te ENSE√ëAR√Å ESTO sobre TORNILLOS y MEDIDAS,https://www.youtube.com/watch?v=B1p9c98XEuM
309,POCOS MEC√ÅNICOS LO EXPLICAN: C√≥mo ESCOGER el CONVERTIDOR DE PAR (Cajas Autom√°ticas),https://www.youtube.com/watch?v=w_dCSFLUOvg
310,PR√ÅCTICA DE COORDENADAS ABSOLUTAS E INCREMENTALES,https://www.youtube.com/watch?v=oWxNACV8-rM
311,brazos axial de direcci√≥n su funci√≥n y sus 6 fallas,https://www.youtube.com/watch?v=thOt0UMenuc
312,SONIA FERN√ÅNDEZ VIDAL - F√≠sica cu√°ntica,https://www.youtube.com/watch?v=4jdPPChsZ_A
313,El universo en tus manos,https://www.youtube.com/watch?v=zwkyOxia3ss
314,Descubre el EXPERIMENTO de los MONOS y las BANANAS,https://www.youtube.com/watch?v=04osDuBVZLY
315,Sana tu energ√≠a para la abundancia,https://youtu.be/3VNuehaQCRQ
316,"Las 7 llaves de la Salud, con el Dr. Jes√∫s Lex. | Horacio Marchand",https://youtu.be/aJyfK4La1XI
317,Foro Mujeres Poderosas 2017,https://youtu.be/hoSK5r83Ho4
318,Seminario de Ventas 04 Su foÃÅrmula para construir la autoestima,https://youtu.be/tpHZof9Kc08
319,"Las ocho claves para vivir mejor. Valent√≠n Fuster, cardi√≥logo",https://youtu.be/lIlMtl0g7KM
320,Dr. Roberto Hern√°ndez Sampieri. El marco te√≥rico,https://youtu.be/TH9YF3Y2GDE
321,Bases te√≥ricas - Antonio Huachaca Urbina,https://youtu.be/QTvu9a47zyk
322,Justificacion P T M,https://youtu.be/rmYSWoXTfi8
323,Realidad problem√°tica en un trabajo de investigaci√≥n,https://youtu.be/2I4fq5bhXck
324,LAS RAMAS DEL DERECHO Y SU UTILIDAD,https://youtu.be/-y-MzFsC9eI
325,Procesal Fiscal Trabajo Final,https://youtu.be/fIEEGDIIu78
326,"Jurisprudencia, su integraci√≥n.",https://youtu.be/wKpubnl8swk
327,"Jurisprudencia, manual para su consulta",https://youtu.be/0Dzr-k34osU
328,¬øQue diferencias existen entre el Derecho Internacional P√∫blico y el Derecho Internacional Privado?,https://youtu.be/PoAVvti0bZA
329,La relaci√≥n entre el Derecho Interno y el Derecho Internacional,https://youtu.be/fzicYdRBaPM
330,CR - ACCOLDI | Serie 1 - Responsabilidad Internacional - Mar√≠a Carmelina Londo√±o,https://youtu.be/3P30zq4EHpI
331,Medios De Impugnacion,https://youtu.be/24yyjMAvWQo
332,ACTOS DE INVESTIGACI√ìN Y PRUEBA EN EL SISTEMA ACUSATORIO,https://youtu.be/7Hr6ELp3CNI
333,C√ìMO DOMINAR TU EGO y RECUPERAR LA PAZ MENTAL.,https://youtu.be/WXOSYbgRmYI
334,Por qu√© Dios permite que yo sufra | Pr Joel Flores | sermones adventistas,https://youtu.be/Cs_Y4-xnA-I
335,Pastor Bull√≥n 2022 - El secreto para cambiar tu vida,https://youtu.be/c7SusgeMUIo
336,Como Mostrar Misericordia a tu Familia / Pastor Rick,https://youtu.be/UP9bIgY6occ
337,Mario Alonso Puig | Dirigir el FOCO a la SOLUCION | Pas√≥ a Paso ,https://youtu.be/FL9m6UFbUus
338,"Equivalencia entre la Programaci√≥n en FUP y programaci√≥n en KOP. CLASE 4 de 4, parte 3.",https://youtu.be/ZLvRpIdhidc
339,Seminario de Ventas 03 Quitarle el cerrojo a su potencial de ventas,https://youtu.be/xeozn-Z6zlM
340,7 SECRETOS DE PERSUASI√ìN PARA LAS VENTAS PSICOL√ìGICAS,https://youtu.be/asQpmXKKJFk
341,COMO MOTIVARTE PARA VENDER M√ÅS,https://youtu.be/kDPEhKf4fec
342,CONFERENCIA CARLOS KASUGA,https://youtu.be/IhrEKxweE9k
343,PIENSA EN LO BUENO Y SE TE DARA CONNY MENDEZ AUDIOLIBRO COMPLETO EN ESPA√ëOL VOZ HUMANA,https://youtu.be/umSSl_EN7Z0
344,5 Mejores H√ÅBITOS de √©xito para comenzar el d√≠a.,https://youtu.be/nTzRIO__lXs
345,¬øEs posible lograr ESTOS niveles de DQO y COT con tratamientos biol√≥gicos en tu PTAR?,https://youtu.be/Kz-4loHyqr8
346,Microalgas y aguas residuales,https://youtu.be/8Gq_qikMHms
347,Psicolog√≠a ambiental y v√≠as activas,https://youtu.be/I0VRztJTmdA
348,Ecolog√≠a de enfermedades tropicales,https://youtu.be/70mXZ_94Lvk
349,Fortalecimiento de la Red de Mujeres Rurales,https://youtu.be/c8Te_HiTmik
350,Conferencia. Sonia Fern√°ndez-Vidal. Caf√© cu√°ntico: Conversaciones sobre F√≠sica. 23 Mayo.,https://youtu.be/3oVbjR3d_gc
351,EP100 Entrevista 3% con Ale Bernal,https://youtu.be/lZaHtZhYH_M
352,EP21 Entrevista 3% Mario Gonzalez,https://youtu.be/zFC95DHhcUk
353,Sonia FernaÃÅndez Vidal,https://youtu.be/ZDac8e_OAVU
354,Golpe a red delictiva se√±alada de falsificar medicamentos para el c√°ncer y otras enfermedades,https://youtu.be/N2WNu8lyet4
355,"""Vivir con miedo no es vivir""",https://youtu.be/6NvYYHpAgS8
356,EL MEJOR DISCURSO - El p√∫blico se pone de pie - Universidad Yachay Tech,https://youtu.be/O0ZhAtK3lQc
357,El Lado Positivo del Fracaso: Como Convertir los Errores en Puentes Hacia el Exito,https://youtu.be/t89_6_pWVNM
358,Pay de galletas oreo para vender,https://youtu.be/WpY1mycGUfM
359,"Clasificaci√≥n de los Alimentos: Animal, vegetal y mineral",https://youtu.be/Ux1bTeQFW34
360,Inteligencia emocional en los ni√±os | Natalia Martinez | TEDxYouth@CVF,https://youtu.be/dY-hV_XjHcY
361,¬øY si adultos y ni√±os habl√°ramos m√°s? | Javier Ochoa Garc√≠a de Le√≥n | TEDxPitic,https://youtu.be/7iZnyWHPVfM
362,Programar para aprender sin limites | Antonio Garcia Vicente | TEDxYouth@Valladolid,https://youtu.be/9hUjhIfs-bw
363,5 Pasos Para Cumplir Tus Sue√±os | Nacho Llantada | TEDxYouth@ASFM,https://youtu.be/aykt2BEEXDg
364,Logra lo imposible: vence tus miedos y cree en ti. | Carolina √Åguila | TEDxPlazaSotomayor,https://youtu.be/pLK8ndJjwQU
365,"S√≠ t√∫ no crees en ti, nadie va a creer en ti | Sergio Dipp | TEDxUANL",https://www.youtube.com/watch?v=lHiWSJrBjgE
366,Transforma tu realidad | Miriam Fern√°ndez | TEDxSevilla,https://www.youtube.com/watch?v=l9EOVWeI0D0
367,No | Juan Pablo Sorin | TEDxJoven@R√≠odelaPlata,https://www.youtube.com/watch?v=54BNadWsEUE
368,"Cambia tu mente, cambia tu vida | Margarita Pasos | TEDxManagua",https://www.youtube.com/watch?v=uhZzB5hid6M
369,Hablemos de sexualidad: ¬øQu√© es ser normal? | Raquel Rottmann Rottmann | TEDxTukuyWomen,https://www.youtube.com/watch?v=gzlcaeSgt1E
370,El Futuro del Amor y el Sexo - Noem√≠ Casquet / TEDxUCM | Noem√≠ Casquet | TEDxUCM,https://www.youtube.com/watch?v=nWFgLGlkOUQ
371,¬øPorqu√© soltera? | Nadia Baltazar | TEDxArroyoDeLaPlata,https://www.youtube.com/watch?v=CzwgjW2rI64
372,La simpleza enamora | Donaldo Barros | TEDxNaguanagua,https://www.youtube.com/watch?v=-AFbh-jsAVw
373,T√≥mate la vida m√°s slow | Juanjo Garbizu | TEDxPlayadeOndarreta,https://www.youtube.com/watch?v=9q-a7YIrPQw
374,¬øC√≥mo tener juntas efectivas? | Elvira Toba | TEDxCalzadaDeLosH√©roes,https://www.youtube.com/watch?v=LZhXeDbyvMo
375,Mindfulness: El arte de vivir conscientemente | Andr√©s Mart√≠n | TEDxSantCugat,https://www.youtube.com/watch?v=g6OY_jTsQXg
376,¬øMiedo o amor? T√∫ decides | B√°rbara Mori | TEDxIbero,https://www.youtube.com/watch?v=lJujGjuAFF8
377,La Voz del Artista | Fernanda Castillo | TEDxPitic,https://www.youtube.com/watch?v=rDqLyBpo49A
378,Educar para la equidad / Educate for equality | Fernanda Tapia | TEDxCuauht√©mocMujeres,https://www.youtube.com/watch?v=_T2dTRKzWFU
379,¬øQu√© significa en realidad ‚Äúser un hombre de verdad‚Äù? | Ricardo Rivera | TEDxPolanco,https://www.youtube.com/watch?v=SQqkiF1AxyE
380,La vida est√° al otro lado del miedo | Miguel Angel Tob√≠as & Gennet Corcuera | TEDxSevilla,https://www.youtube.com/watch?v=nmrRJammHqs
381,¬øCu√°nto te quieres del 1 al 10? | MAR√çA HERREJ√ìN | TEDxRealejo,https://www.youtube.com/watch?v=dJR2qFaXdNY
382,Hoy es tu mejor d√≠a | Solomon J Pendleton | TEDxArroyoDeLaPlata,https://www.youtube.com/watch?v=yAY84KzvMU0
383,Ens√©√±ese a ser infeliz | Yozimar Ruiz | TEDxArroyoDeLaPlata,https://www.youtube.com/watch?v=ePiN0odaBGo
384,Si estas vivo podes ser feliz | Juan Mart√≠n Posadas | TEDxPuntaDelEste,https://www.youtube.com/watch?v=dzo9mRpzFmY
385,La f√≠sica es amor | Mart√≠n Suarez | TEDxPuntaDelEste,https://www.youtube.com/watch?v=f9_MGe4_Tzc
386,El s√≠ndrome de Meniere. Morir o seguir viviendo? | Pedro Allasi | TEDxCharacato,https://www.youtube.com/watch?v=k3hD0gC0V6w
387,Ama tus ra√≠ces y el √©xito llegar√° solo | Deyvis Orosco | TEDxLima,https://www.youtube.com/watch?v=M568fN08MOs
388,La enfermedad como oportunidad | Georgina Sposetti | TEDxMarDelPlata,https://www.youtube.com/watch?v=GC87pMBiSEE
389,Un nuevo aerogenerador para la energia limpia distribuida | David Yanez | TEDxValladolid,https://www.youtube.com/watch?v=2WCKGdYE4zs
390,"Los bosques, las centrales de energ√≠a del futuro | Pablo Vidarte | TEDxYouth@Valladolid",https://www.youtube.com/watch?v=Ty6c1FHY77U
391,Industria 4.0: una revoluci√≥n para las personas | Beatriz Gonzalez | TEDxUDeusto,https://www.youtube.com/watch?v=a0Ycxn-bZak
392,Qu√© es la √©tica de la tecnolog√≠a y por qu√© deber√≠a importarte | Gemma Gald√≥n-Clavell | TEDxZaragoza,https://www.youtube.com/watch?v=XJDBN2j9rr4
393,El poder de las historias | Eduardo S√°enz de Cabez√≥n | TEDxRiodelaPlataED,https://www.youtube.com/watch?v=mWFqtxI4NKM
394,¬øPor qu√© contar cuentos? | Ana Cristina Herreros | TEDxLeon,https://www.youtube.com/watch?v=5GM3jOa6FZE
395,El cambio empieza en uno | Valeria Kechichian | TEDxLeon,https://www.youtube.com/watch?v=b0gN_R5_3JA
396,¬øMENTE AGITADA? C√≥mo deshacerse del estr√©s en tu vida I De-Stress with Spanish Lessons - Dr. PUIG,https://youtu.be/VQzDqrKOuTA
397,Supera tus Miedos y fortalece tu mente | Convi√©rtete en una persona Vitamina,https://youtu.be/yU7fb1GZ00E
398,JIM ROHN EN ESPA√ëOL - SALIR DE LA POBREZA EN TIEMPOS DE CRISIS,https://youtu.be/hlfLbUUUiwA
399,"V. Completa: Cuando ser fuerte es la √∫nica opci√≥n. Irene Villa, periodista y psic√≥loga",https://youtu.be/FLTRgs3k_Mk
400,Foro Mujeres Poderosas 2017 - ‚Äú¬°Acabemos con los estereotipos‚Ä¶ empod√©rate!‚Äù,https://youtu.be/0a4fujhc0PI
401,JUANA RAMIREZ - EPCTF M√âXICO,https://youtu.be/wevPSGBTtTk
402,Los nuevos retos de la educaci√≥n | C√©sar Bona | TEDxBarcelona,https://youtu.be/LcNWYNp2MSw
403,¬øAprobar o aprender? | Lucas Gortazar | TEDxUDeusto,https://youtu.be/d8smMhh8DRU
404,Encuentra la x: creatividad y el rol del profesor | Isabel Fernandez | TEDxUniversidadEuropeaMadrid,https://youtu.be/jQRCFvTdQF8
405,"Permitido reir, estamos en clase. | M√≥nica Guitart Coria | TEDxPaseoAlameda",https://youtu.be/-8b_qTJoryc
406,Dise√±ar escuelas de donde los ni√±os no quieran irse | Rosan Bosch | TEDxZaragoza,https://youtu.be/mfCa5N42tBE
407,I-D+i: innovaci√≥n (in)dependiente del dinero | Luis Mart√≠n Nuez | TEDxZaragoza,https://youtu.be/VuZzOhVhWN8
408,El futuro depende de los adolescentes: c√≥mo podemos ayudarlos | Olga Isaza | TEDxTukuy,https://youtu.be/ZldBQcfxE0I
409,C√≥mo sobrevivir a una crisis econ√≥mica | Marianela Denegri | TEDxUFRO,https://youtu.be/dZGH3ERl-E8
410,Identidad y Autoestima en el Adolescente | Ernesto Ayala Dur√°n | TEDxUniversidadMichoacana,https://youtu.be/TtOvVxbVWc0
411,"Domina tus finanzas personales en un ""Dos por Tres"". | Alicia M√°rquez | TEDxZapopan",https://youtu.be/XUIQmILVI7E
412,¬øC√≥mo afecta la falta de educaci√≥n financiera al desarrollo del pa√≠s? | Elaine Miranda | TEDxManagua,https://youtu.be/hmclmH_5Yu0
413,¬øC√≥mo sanar el dolor de tu coraz√≥n? | Jackie Herrera | TEDxGarzaGarcia,https://youtu.be/prtpp6tdim0
414,Secretos de la relaci√≥n coraz√≥n-cerebro | Luciano Sposato | TEDxRiodelaPlata,https://youtu.be/c1iMoel2LxA
415,Como tratar con gente dif√≠cil: Miguel Furque at TEDxUNCuyo,https://youtu.be/5KiGF3uZxgU
416,Superaci√≥n: Sandra Ibarra at TEDxGij√≥n,https://youtu.be/B_FIBv85Njs
417,Soltar lastre: una gran forma de adaptarse a los cambios: Natalia G√≥mez at TEDxFundesem,https://youtu.be/xWruz6hT8QI
418,El lenguaje de la motivacion: Maria Graciani at TEDxSevilla,https://youtu.be/GABFYH58D-A
419,Lenguaje corporal | Emiliano Salas | TEDxAvDivDelNorte,https://youtu.be/1FUHSMFUUGU
420,Transformando Percepciones |,https://youtu.be/vcAiWQY8P1s
421,Dejar de estudiar y empezar a aprender | Alfonso Blanco Santos | TEDxOviedoUniversity,https://youtu.be/zLIzBEeKN4U
422,Imaginar y crear nuevas formas de aprendizaje | Leonel Virosta | TEDxYouth@Valladolid,https://youtu.be/UopnWmKyve8
423,Tres competencias para emprender | Didac Lee | TEDxBarcelonaWomen,https://youtu.be/tZPRRIWNL90
424,Tres competencias b√°sicas para el futuro | Pablo Heinig | TEDxCordoba,https://youtu.be/cQVg1LfmGhE
425,Sin pensamiento critico no eres nadie | Pablo Perez-Paetow | TEDxYouth@Valladolid,https://youtu.be/WxC4RfTiOsM
426,El Peor Emprendedor del Mundo | Juan Del Cerro | TEDxPitic,https://youtu.be/11lGiQVM018
427,As√≠ funciona mi pizzer√≠a que empodera personas | Alejandro Souza | TEDxPitic,https://youtu.be/9kbhyqFmnM0
428,10 Conceptos Que Un Ni√±o Con Autismo Desear√≠a Que Todos Supieran | Roberto Rosler | TEDxMarDelPlata,https://youtu.be/Yb9xltZYNVQ
429,Autismo: lo que no figura en Google | Mauro D'Angelo Mart√≠nez | TEDxUCA,https://youtu.be/p41vOfURIuk
430,"Parto, lactancia y crianza, informate para poder decidir: Rosana Gadea at TEDxValencia",https://youtu.be/uHb2N9xq2UQ
431,Hacia un parto humanizado | Bia Fioretti | TEDxCordoba,https://youtu.be/2Q2BxSnJtYQ
432,Lo que me ense√±√≥ el VHS | Jorge Crowe | TEDxMontevideoED,https://youtu.be/0RUpkhpywJA
433,Dulces Son Los Frutos de la Adversidad | Karla Souza | TEDxCalzadaDeLosH√©roes,https://youtu.be/kz6GON4ykNo
434,La flor que florece en la adversidad es la m√°s rara y bella de todas. | Carla Medina | TEDxPolanco,https://youtu.be/FnfQdyg2oKI
435,Mi m√°quina del tiempo | Ricardo Moreno | TEDxCiudaddePuebla,https://youtu.be/0xlfa6VHwjE
436,Resilencia en Acci√≥n | Montserrat Alberdi | TEDxSanPedroSula,https://youtu.be/o20telWzZ44
437,C√≥mo ser maestro en cualquier momento de tu vida | Rodolfo Bello | TEDxBarriodelaEstacion,https://youtu.be/wQUg0IPW64A
438,Tus miedos son tus retos. | Jos√© Luis Reyes | TEDxUniversidadPanamericanaGuadalajara,https://youtu.be/_H-oLlhP2eM
439,"¬øC√≥mo vivir y compartir tranquilidad,amor y risa? | Mar√≠a Cristina Pe√±alosa | TEDxCESA",https://youtu.be/Bupkl1_pyBM
440,¬øC√≥mo las palabras pueden transformar el mundo? | Paula Salerno | TEDxCONICETRosario,https://youtu.be/HsowSxacxxw
441,El Poder de las palabras | Ver√≥nica Tr√≥chez | TEDxR√≠odePiedras,https://youtu.be/1BEN-mO11uU
442,LAS PALABRAS NOS DEFINEN | Maria del Pilar Montes de Oca Sicilia | TEDxCuauht√©moc,https://youtu.be/PMZOQApiHtU
443,El poder de la sonrisa | Angie Rosales | TEDxBarcelona,https://youtu.be/JOvMr_OxtjA
444,El juego como terapia: M√≥nica Esteban y El Hombre de Negro at TEDxRetiro,https://youtu.be/pb6JDRVE5lU
445,El arte en juego | Maria Lujan Oulton | TEDxRiodelaPlata,https://youtu.be/MARBCzcO1wg
446,"Simbiosis entre el arte, la ciencia y la tecnolog√≠a | Joaqu√≠n Fargas | TEDxR√≠odelaPlata",https://youtu.be/AB9VToh2y-s
447,"ARTE, LA CLAVE PARA LA TRANSFORMACI√ìN SOCIAL | Omar Inzunza ""Gran OM"" | TEDxCalzadaDeLosH√©roes",https://youtu.be/ok7sYE5sSCw
448,El peso de la Historia | Alejandro Rosas | TEDxCalzadaDeLosH√©roes,https://youtu.be/lJSb_2XevdQ
449,Leer es resistir | Benito Taibo | TEDxUNAMAcatl√°n,https://youtu.be/iTEz1yOmepQ
450,Todo cuenta: la literatura fuera de lugar | Mar√≠a Jos√© Navia | TEDxPUCdeChile,https://youtu.be/Sg_HyuJCMQ8
451,C√≥mo apasionarte por la literatura | Andrea Dard√≥n | TEDxUFM,https://youtu.be/YbdTQklQn-E
452,Leer es bueno | Marie Paz | TEDxR√≠odePiedras,https://youtu.be/R0zorGrtEBs
453,¬øA qu√© saben las palabras? | Laura Garc√≠a Arroyo | TEDxMexicoCity,https://youtu.be/jKrn72R1FEc
454,La Voz del Artista | Fernanda Castillo | TEDxPitic,https://youtu.be/rDqLyBpo49A
455,Tiempo al tiempo | Jonatan Loidi | TEDxDurazno,https://youtu.be/xrK8-e3tgTg
456,Te invito a creer: Manuel Lozano at TEDxRiodelaPlata,https://youtu.be/tkTEsTASKgA
457,Qui√©n es Dios para m√≠? | Margarita Barrientos | TEDxRiodelaPlata,https://youtu.be/xJpyykyIGJ8
458,Vivir hasta morir | Mat√≠as Naj√∫n | TEDxRiodelaPlata,https://youtu.be/6-uQUaV-rJg
459,Los √∫ltimos 8 d√≠as de vida: Germ√°n Montenegro at TEDxResistencia,https://youtu.be/Oa8onCf9UZY
460,Materializando sue√±os frente a la adversidad: Nicolas Mango at TEDxResistencia,https://youtu.be/gVTlbOo6DTw
461,Cuando la adversidad nos fortalece | Juan Roberto Aguil√≥ | TEDxUDDSalon,https://youtu.be/3vCjQg0F7Hc
462,Fabricando Oportunidades | Jonatan Ariste | TEDxRecoleta,https://youtu.be/YajPEQUVrMU
463,Enam√≥rate de lo que haces! | Guilherme Neyra | TEDxCharacato,https://youtu.be/BFZkYOeAVKs
464,"Talentos, Habilidades y Neuroplasticidad | Alejandra del Fabro | TEDxJoven@PaseodelBosque",https://youtu.be/VPBf_80yAWg
465,"""Nuestra salud m√°s all√° del m√©dico"" | Andrea Bur√≥n | TEDxMalagueta",https://youtu.be/I5w1AAobW8s
466,Bienestar y malestar ¬øEs igual a salud y enfermedad? | Carlos Barclay | TEDxBariloche,https://youtu.be/akz2qoJnK3A
467,Zombies en la escuela | Juli Garbulsky | TEDxRiodelaPlata,https://www.youtube.com/watch?v=g6zBmBUOMhY
468,Graduaci√≥n UP - Paulo Pantigoso,https://www.youtube.com/watch?v=fmJ7FsUzQnc
469,"Cuando sabes quien eres, sabes lo que tienes que hacer | Alejandra Acosta | TEDxYouth@Valladolid",https://youtu.be/DC9pAFnmiWY
470,El poder de conocer tu propria identidad | Maysun Abu-Khdeir | TEDxZaragoza,https://youtu.be/7foLnilB7Lw
471,¬øPor qu√© nos cuesta mirarnos al espejo? | Andrea Vilallonga | TEDxTarragona,https://youtu.be/5slX7TRUqa8
472,El Secreto de tu imagen Personal | Magali Montes | TEDxMoreliaSalon,https://youtu.be/DfVEVHi-HWw
473,El lenguaje de se√±as.: De un problema a una oportunidad | Esteban Ramirez | TEDxCharacato,https://youtu.be/90fM3LQztPU
474,EL LENGUAJE CORPORAL | Carina Talio | TEDxComodoroRivadavia,https://youtu.be/N_RFQDKq3-Y
475,Los ni√±os deben BAILAR! | David Campos | TEDxBarcelona,https://youtu.be/JcOzifjek08
476,Llegar a ser el que eres | Pamela Frank | TEDxUNLaM | Pamela Frank | TEDxUNLaM,https://youtu.be/XBn0XE_4SNM
477,Identidades interculturales para contrarrestar la xenofobia | Lidia Camara | TEDxValladolid,https://youtu.be/U0bRlf7xmYs
478,Aceptarse a uno mismo para aceptar a los dem√°s | Patricia D√≠az-Caneja | TEDxGijon,https://youtu.be/nIRBVX-PWYs
479,No estoy enferma soy una mujer transexual | Marta Reina Izquiano | TEDxLleida,https://youtu.be/Y7NQkxe7I4s
480,"M√ÅS QUE UN CAPRICHO, UNA NECESIDAD | Valeria Bonilla | TEDxBogotaMujeres",https://youtu.be/Hcg0gsQW-Rw
481,El poder de la opci√≥n B para romper estereotipos. | Alexandra Olaya - Castro | TEDxBogotaMujeres,https://youtu.be/t2GxMJDsl6Q
482,Desescolarizar la educaci√≥n | Maria Victoria Peralta | TEDxPuraVidaED,https://youtu.be/cv0SVHsuGRE
483,"Un mensaje de sabidur√≠a. Ram√≥n Bay√©s, psic√≥logo y escritor",https://www.youtube.com/watch?v=xa9xI5j6INk
484,Entrevista a PEDRO RUIZ | Las tres puertas,https://www.youtube.com/watch?v=6FsorkGsDoU
485,3 Mantras de un joven exitoso | Manuel De Le√≥n | TEDxCoatzacoalcos,https://www.youtube.com/watch?v=xhkzJeaeDrY
486,¬øQu√© tienen los pobres en la cabeza? | Mayra Arena | TEDxBahiaBlanca,https://www.youtube.com/watch?v=4JDu69Jy41Y
487,Los beneficios de ser pobre | Mayra Arena | TEDxBariloche,https://www.youtube.com/watch?v=wHMJNc6wv5E
488,Cuidemos al Cuidador de Alzheimer | Mara L√≥pez Wortzman | TEDxBariloche,https://www.youtube.com/watch?v=LkwVUyYk1R0
489,Encuentra tu pasi√≥n a trav√©s del miedo | Fric Mart√≠nez | TEDxCiudadVictoria,https://www.youtube.com/watch?v=e3RGSE78_to
490,La influencia del entorno en la formaci√≥n de l√≠deres | Alejandro Kasuga | TEDxUPAEP,https://www.youtube.com/watch?v=OT3Tw-FjqhY
491,"Deja de decir, empieza a hacer | Arturo Arambur√∫ | TEDxUDLAP",https://www.youtube.com/watch?v=BrXJs7qjcx8
492,Rompe tus l√≠mites | Lety Sahag√∫n | TEDxUniversidadPanamericana,https://www.youtube.com/watch?v=t3J3Dk3cAfI
493,Para mover al mundo primero mu√©vete tu | Catalina Escobar | TEDxLasAguas,https://www.youtube.com/watch?v=bKoeUszwqwM
494,Lo que Crees Creas | Mar√≠a Susana Rivadeneira | TEDxPe√±as,https://www.youtube.com/watch?v=9iBojf8vp3Y
495,Una adicci√≥n que potencia vidas | Mariela Alvarado | TEDxPuraVida,https://www.youtube.com/watch?v=gII5ORa4lmg
496,El poder de los botones | Carolina Rodriguez | TEDxPuraVidaSalon,https://www.youtube.com/watch?v=dQ_viuQh0w8
497,Los videojuegos ense√±an mejor que la escuela: GONZALO FRASCA at TEDxMontevideo 2012,https://www.youtube.com/watch?v=TbTm1Lkm18o
498,C√≥mo superar las fallas del sistema educativo | Jurgen Klaric | TEDxUANL,https://www.youtube.com/watch?v=4J-lLDp4OXs
499,Haz lo que puedas con lo que tengas | Jessica Fern√°ndez | TEDxUDLAP,https://www.youtube.com/watch?v=Eipx0zyXvXI
500,Sorprendizaje: Como acabar con una educaci√≥n aburrida | Ram√≥n Barrera | TEDxSevilla,https://www.youtube.com/watch?v=FXTQq7Ojp94